UserID,Mood,Engagement,EngagementDelta,Reflection,Domain,Skills,Experience,Availability,TrueSupport
User_0001,2.8,0.11,-0.28,I feel hopeless about my progress and don't see a way forward.,Computer Science,"Research, Time Management, Writing, Presentation",Beginner,Flexible,Emotional
User_0002,3.4,0.1,-0.1,Today was hard. I felt very lonely and couldn't concentrate.,Data Science,"Presentation, Project Management, Time Management",Advanced,"Night, Afternoon, Flexible",Emotional
User_0003,4.2,0.55,-0.03,I know what I need to do but I just can't get myself started.,Biology,"Research, Programming, Problem Solving",Expert,Morning,Motivational
User_0004,9.3,0.85,0.17,Today was balanced. Making good progress overall.,Data Science,"Time Management, Data Analysis",Advanced,Weekends,None
User_0005,1.8,0.32,-0.21,I don't feel motivated at all and keep withdrawing from activities.,Computer Science,"Programming, Communication, Statistics",Expert,Morning,Emotional
User_0006,5.2,0.34,0.04,I want to improve but can't find the motivation to push forward.,Engineering,"Presentation, Project Management, Teamwork, Statistics",Intermediate,"Flexible, Afternoon, Weekends",Motivational
User_0007,4.5,0.58,0.03,"I feel neutral — not bad, just stuck and unmotivated.",Computer Science,"Teamwork, Python, Programming",Beginner,"Night, Evening",Motivational
User_0008,5.7,0.3,-0.13,I need a study partner who can explain things differently.,Physics,"Time Management, Project Management, Leadership, Writing, Communication",Advanced,Afternoon,Academic
User_0009,4.6,0.5,-0.14,I'm struggling to understand the core concepts in my coursework.,Psychology,"Statistics, Programming, Python, Time Management, Writing",Expert,"Afternoon, Night, Morning",Academic
User_0010,1.0,0.35,-0.12,I've been struggling with anxiety and can't focus on anything.,Data Science,"Programming, Project Management, Problem Solving, Statistics",Expert,"Night, Afternoon",Emotional
User_0011,2.8,0.27,-0.27,I don't feel motivated at all and keep withdrawing from activities.,Biology,"Writing, Problem Solving, Programming",Beginner,Weekends,Emotional
User_0012,6.0,0.59,-0.04,I keep procrastinating and need someone to hold me accountable.,Engineering,"Research, Machine Learning",Expert,Morning,Motivational
User_0013,5.6,0.29,-0.12,I need a study partner who can explain things differently.,Physics,"Communication, Critical Thinking, Machine Learning",Intermediate,"Afternoon, Weekends",Academic
User_0014,8.4,0.6,0.14,Things are going okay. Just checking in today.,Data Science,"Statistics, Research, Teamwork, Time Management, Problem Solving",Intermediate,Weekends,None
User_0015,4.3,0.32,-0.14,I don't understand how to approach the research methodology.,Mathematics,"Teamwork, Problem Solving",Intermediate,Weekends,Academic
User_0016,6.1,0.17,-0.12,I failed my last assignment and don't know where to improve.,Physics,"Research, Statistics, Teamwork, Project Management, Data Analysis",Expert,"Night, Flexible",Academic
User_0017,1.4,0.16,-0.18,Everything seems too much. I feel isolated and exhausted.,Literature,"Programming, Teamwork, Statistics, Research",Expert,Afternoon,Emotional
User_0018,7.6,0.79,0.17,Things are going okay. Just checking in today.,Data Science,"Python, Project Management",Intermediate,"Morning, Flexible, Afternoon",None
User_0019,4.0,0.25,-0.06,I'm struggling to understand the core concepts in my coursework.,Literature,"Data Analysis, Communication",Expert,"Evening, Night",Academic
User_0020,6.1,0.27,-0.14,I want to improve but can't find the motivation to push forward.,Computer Science,"Machine Learning, Leadership",Beginner,"Weekends, Afternoon, Morning",Motivational
User_0021,6.8,0.89,0.05,Pretty good day. Focused and productive.,Mathematics,"Machine Learning, Time Management, Python",Advanced,"Morning, Night, Evening",None
User_0022,5.0,0.2,-0.18,I failed my last assignment and don't know where to improve.,Biology,"Problem Solving, Programming, Statistics, Python, Leadership",Intermediate,"Weekends, Morning, Flexible",Academic
User_0023,5.5,0.34,-0.06,I failed my last assignment and don't know where to improve.,Business,"Writing, Leadership, Critical Thinking, Presentation",Beginner,"Weekends, Flexible",Academic
User_0024,5.3,0.4,-0.21,I can't grasp the mathematical concepts no matter how hard I try.,Biology,"Time Management, Statistics",Advanced,"Weekends, Afternoon, Evening",Academic
User_0025,7.3,0.65,0.2,Feeling alright. Working through my tasks steadily.,Biology,"Statistics, Project Management",Beginner,"Evening, Morning",None
User_0026,6.5,0.72,0.18,Things are going okay. Just checking in today.,Data Science,"Critical Thinking, Python, Statistics, Programming, Writing",Expert,"Morning, Evening, Afternoon",None
User_0027,6.2,0.59,0.01,I need a push to stay consistent with my goals.,Engineering,"Project Management, Statistics, Problem Solving",Intermediate,"Night, Weekends, Afternoon",Motivational
User_0028,2.1,0.11,-0.18,I feel hopeless about my progress and don't see a way forward.,Psychology,"Programming, Data Analysis, Time Management, Project Management",Beginner,"Afternoon, Evening, Flexible",Emotional
User_0029,7.6,0.71,0.01,Everything is fine. Learning and growing steadily.,Business,"Teamwork, Programming, Research, Time Management",Intermediate,Flexible,None
User_0030,5.5,0.59,-0.14,I need a push to stay consistent with my goals.,Data Science,"Project Management, Teamwork, Critical Thinking, Problem Solving, Python",Intermediate,Evening,Motivational
User_0031,5.8,0.25,0.04,I want to improve but can't find the motivation to push forward.,Business,"Machine Learning, Critical Thinking, Statistics, Data Analysis, Time Management",Beginner,Evening,Motivational
User_0032,5.7,0.36,-0.01,I keep procrastinating and need someone to hold me accountable.,Literature,"Project Management, Problem Solving",Advanced,"Evening, Morning, Flexible",Motivational
User_0033,4.4,0.22,-0.09,I need a study partner who can explain things differently.,Literature,"Project Management, Presentation, Writing, Machine Learning, Teamwork",Beginner,"Night, Weekends",Academic
User_0034,9.3,0.9,0.13,Today was balanced. Making good progress overall.,Physics,"Project Management, Research, Critical Thinking, Leadership, Writing",Beginner,"Morning, Evening, Weekends",None
User_0035,4.7,0.37,-0.21,I'm falling behind on deadlines and need academic guidance.,Psychology,"Python, Research",Expert,"Weekends, Morning",Academic
User_0036,6.9,0.92,0.14,Things are manageable. Looking forward to improving more.,Literature,"Writing, Project Management, Presentation",Expert,Morning,None
User_0037,3.9,0.41,-0.15,Today was hard. I felt very lonely and couldn't concentrate.,Data Science,"Time Management, Teamwork, Statistics",Advanced,"Afternoon, Night",Emotional
User_0038,7.1,0.63,0.06,Everything is fine. Learning and growing steadily.,Psychology,"Leadership, Communication, Programming, Research, Project Management",Intermediate,"Weekends, Night",None
User_0039,5.8,0.27,-0.07,I have the knowledge but struggle with execution and drive.,Business,"Writing, Time Management",Intermediate,Night,Motivational
User_0040,6.0,0.74,0.15,Pretty good day. Focused and productive.,Computer Science,"Teamwork, Data Analysis, Time Management",Expert,"Flexible, Morning, Night",None
User_0041,5.5,0.43,-0.11,I don't understand how to approach the research methodology.,Physics,"Communication, Data Analysis, Leadership",Advanced,Night,Academic
User_0042,3.9,0.31,-0.24,I'm falling behind on deadlines and need academic guidance.,Education,"Time Management, Data Analysis",Expert,"Weekends, Morning, Flexible",Academic
User_0043,4.0,0.44,0.05,"I feel neutral — not bad, just stuck and unmotivated.",Engineering,"Problem Solving, Time Management, Programming, Data Analysis, Communication",Expert,"Evening, Morning",Motivational
User_0044,5.4,0.23,-0.16,I failed my last assignment and don't know where to improve.,Mathematics,"Programming, Python",Beginner,Afternoon,Academic
User_0045,3.8,0.16,-0.19,I'm falling behind on deadlines and need academic guidance.,Physics,"Programming, Problem Solving, Writing, Machine Learning",Advanced,"Flexible, Morning, Afternoon",Academic
User_0046,9.2,0.83,0.01,Pretty good day. Focused and productive.,Engineering,"Machine Learning, Presentation",Beginner,"Afternoon, Morning, Evening",None
User_0047,5.6,0.54,-0.01,I need a push to stay consistent with my goals.,Mathematics,"Python, Teamwork, Data Analysis, Leadership",Advanced,Night,Motivational
User_0048,4.5,0.24,-0.06,I can't grasp the mathematical concepts no matter how hard I try.,Data Science,"Machine Learning, Programming, Critical Thinking, Leadership",Advanced,"Night, Weekends",Academic
User_0049,6.7,0.68,0.16,Doing well. Staying on track with my goals.,Engineering,"Machine Learning, Time Management, Project Management, Data Analysis, Problem Solving",Advanced,Night,None
User_0050,5.2,0.52,-0.01,I have the knowledge but struggle with execution and drive.,Education,"Critical Thinking, Python, Time Management, Research",Expert,Afternoon,Motivational
User_0051,8.7,0.75,0.11,Doing well. Staying on track with my goals.,Computer Science,"Communication, Research",Advanced,"Flexible, Afternoon",None
User_0052,8.9,0.73,0.15,Feeling alright. Working through my tasks steadily.,Data Science,"Problem Solving, Presentation, Leadership, Communication",Beginner,"Evening, Afternoon",None
User_0053,4.2,0.21,-0.25,I need help organizing my study plan and understanding the material.,Engineering,"Communication, Presentation, Machine Learning, Critical Thinking, Programming",Advanced,"Morning, Afternoon",Academic
User_0054,5.4,0.41,-0.06,I keep procrastinating and need someone to hold me accountable.,Computer Science,"Critical Thinking, Communication",Beginner,"Afternoon, Night, Morning",Motivational
User_0055,1.5,0.38,-0.06,Everything seems too much. I feel isolated and exhausted.,Biology,"Statistics, Teamwork, Time Management, Data Analysis, Leadership",Beginner,Weekends,Emotional
User_0056,6.1,0.5,-0.19,I'm struggling to understand the core concepts in my coursework.,Mathematics,"Machine Learning, Time Management, Programming, Teamwork, Research",Advanced,"Night, Flexible, Weekends",Academic
User_0057,2.7,0.15,-0.2,I'm feeling burnt out and emotionally drained.,Engineering,"Communication, Project Management, Statistics",Intermediate,Afternoon,Emotional
User_0058,6.0,0.47,-0.02,I want to improve but can't find the motivation to push forward.,Computer Science,"Communication, Presentation, Time Management",Advanced,"Night, Morning, Afternoon",Motivational
User_0059,6.7,0.72,0.15,Everything is fine. Learning and growing steadily.,Mathematics,"Project Management, Writing, Communication",Beginner,Morning,None
User_0060,8.4,0.96,0.15,Everything is fine. Learning and growing steadily.,Mathematics,"Presentation, Communication, Time Management, Data Analysis, Teamwork",Beginner,"Weekends, Night, Flexible",None
User_0061,2.4,0.33,-0.07,I've been struggling with anxiety and can't focus on anything.,Mathematics,"Project Management, Teamwork, Machine Learning",Intermediate,"Morning, Evening, Flexible",Emotional
User_0062,9.4,0.73,0.14,Everything is fine. Learning and growing steadily.,Physics,"Leadership, Problem Solving",Beginner,"Evening, Flexible",None
User_0063,9.9,0.76,0.1,Things are going okay. Just checking in today.,Data Science,"Leadership, Statistics",Beginner,"Evening, Flexible",None
User_0064,9.0,0.68,0.11,Everything is fine. Learning and growing steadily.,Literature,"Research, Critical Thinking",Expert,"Weekends, Night",None
User_0065,8.2,0.64,0.2,Had a normal day. Nothing special to report.,Physics,"Python, Project Management",Beginner,"Afternoon, Flexible, Evening",None
User_0066,9.9,0.7,0.11,Pretty good day. Focused and productive.,Mathematics,"Leadership, Presentation, Communication",Expert,"Flexible, Evening, Night",None
User_0067,6.0,0.25,-0.19,I don't understand how to approach the research methodology.,Education,"Teamwork, Statistics, Communication",Advanced,"Evening, Weekends",Academic
User_0068,5.2,0.23,-0.09,I'm struggling to understand the core concepts in my coursework.,Physics,"Problem Solving, Time Management, Critical Thinking, Programming, Data Analysis",Intermediate,"Evening, Afternoon",Academic
User_0069,6.2,0.56,-0.06,I have the knowledge but struggle with execution and drive.,Physics,"Data Analysis, Project Management, Programming, Teamwork, Writing",Advanced,"Morning, Afternoon",Motivational
User_0070,2.9,0.4,-0.09,Today was hard. I felt very lonely and couldn't concentrate.,Psychology,"Teamwork, Project Management, Writing, Statistics, Leadership",Expert,"Evening, Weekends",Emotional
User_0071,6.5,0.51,-0.06,I lack the energy to begin my tasks even though I understand them.,Physics,"Machine Learning, Statistics",Advanced,Flexible,Motivational
User_0072,1.9,0.23,-0.26,Today was hard. I felt very lonely and couldn't concentrate.,Physics,"Presentation, Communication, Python",Beginner,Evening,Emotional
User_0073,4.2,0.37,-0.16,I'm struggling to understand the core concepts in my coursework.,Psychology,"Statistics, Machine Learning, Data Analysis",Intermediate,"Flexible, Afternoon, Night",Academic
User_0074,9.4,0.68,0.08,Things are manageable. Looking forward to improving more.,Biology,"Statistics, Leadership, Problem Solving",Expert,"Evening, Night, Flexible",None
User_0075,1.8,0.3,-0.13,I feel really overwhelmed lately and don't know how to cope.,Engineering,"Machine Learning, Problem Solving, Time Management, Communication, Presentation",Expert,Flexible,Emotional
User_0076,8.5,0.87,0.14,Feeling alright. Working through my tasks steadily.,Biology,"Machine Learning, Programming, Problem Solving",Intermediate,Flexible,None
User_0077,3.7,0.21,-0.2,I feel hopeless about my progress and don't see a way forward.,Computer Science,"Programming, Leadership, Python, Machine Learning",Beginner,"Flexible, Afternoon",Emotional
User_0078,5.9,0.31,-0.23,My grades have been dropping and I feel academically behind.,Data Science,"Critical Thinking, Time Management, Communication, Writing",Advanced,"Night, Evening",Academic
User_0079,7.5,0.9,0.05,Pretty good day. Focused and productive.,Data Science,"Statistics, Programming, Data Analysis, Python",Expert,"Weekends, Morning",None
User_0080,5.6,0.41,-0.01,I need a push to stay consistent with my goals.,Mathematics,"Leadership, Python, Machine Learning",Beginner,"Evening, Weekends, Afternoon",Motivational
User_0081,3.7,0.15,-0.19,Today was hard. I felt very lonely and couldn't concentrate.,Psychology,"Python, Communication",Intermediate,"Morning, Flexible",Emotional
User_0082,4.2,0.31,-0.2,I need a study partner who can explain things differently.,Literature,"Teamwork, Leadership",Advanced,"Night, Evening, Morning",Academic
User_0083,3.0,0.32,-0.15,I feel really overwhelmed lately and don't know how to cope.,Business,"Python, Data Analysis, Communication, Research",Beginner,Night,Emotional
User_0084,2.8,0.38,-0.24,I've been struggling with anxiety and can't focus on anything.,Business,"Writing, Programming, Machine Learning",Intermediate,Morning,Emotional
User_0085,1.4,0.23,-0.1,I don't feel motivated at all and keep withdrawing from activities.,Biology,"Writing, Critical Thinking, Communication",Beginner,Morning,Emotional
User_0086,3.3,0.28,-0.27,I feel hopeless about my progress and don't see a way forward.,Psychology,"Python, Writing, Presentation, Data Analysis",Expert,"Morning, Flexible, Night",Emotional
User_0087,2.5,0.42,-0.28,Everything seems too much. I feel isolated and exhausted.,Data Science,"Leadership, Project Management, Python, Programming",Beginner,"Night, Flexible",Emotional
User_0088,6.5,0.44,-0.06,I need a push to stay consistent with my goals.,Education,"Statistics, Writing, Communication",Expert,"Flexible, Weekends, Evening",Motivational
User_0089,2.2,0.13,-0.19,I'm really stressed and feeling disconnected from everyone.,Mathematics,"Data Analysis, Leadership, Research",Expert,"Evening, Night",Emotional
User_0090,6.0,0.44,-0.03,"I feel neutral — not bad, just stuck and unmotivated.",Psychology,"Statistics, Time Management, Teamwork, Programming, Data Analysis",Advanced,Flexible,Motivational
User_0091,1.3,0.28,-0.26,I'm feeling burnt out and emotionally drained.,Literature,"Teamwork, Project Management, Programming, Data Analysis",Advanced,"Morning, Evening, Weekends",Emotional
User_0092,6.0,0.49,-0.09,I'm struggling to understand the core concepts in my coursework.,Mathematics,"Teamwork, Critical Thinking, Problem Solving, Statistics",Expert,"Weekends, Afternoon",Academic
User_0093,4.5,0.3,-0.02,I lack the energy to begin my tasks even though I understand them.,Computer Science,"Communication, Presentation, Programming",Beginner,"Evening, Flexible",Motivational
User_0094,4.9,0.21,-0.19,I need a study partner who can explain things differently.,Computer Science,"Presentation, Critical Thinking",Expert,Night,Academic
User_0095,1.8,0.33,-0.18,I'm feeling burnt out and emotionally drained.,Computer Science,"Writing, Programming, Machine Learning",Beginner,Flexible,Emotional
User_0096,8.7,0.84,0.11,Everything is fine. Learning and growing steadily.,Biology,"Programming, Critical Thinking, Statistics",Advanced,"Night, Morning",None
User_0097,1.9,0.14,-0.18,Today was hard. I felt very lonely and couldn't concentrate.,Engineering,"Machine Learning, Python, Teamwork, Research, Communication",Advanced,Afternoon,Emotional
User_0098,4.8,0.31,-0.23,I need a study partner who can explain things differently.,Psychology,"Critical Thinking, Presentation, Research, Time Management, Teamwork",Beginner,"Evening, Morning, Night",Academic
User_0099,9.2,0.85,0.17,Doing well. Staying on track with my goals.,Education,"Presentation, Project Management, Data Analysis, Communication, Statistics",Intermediate,"Morning, Evening",None
User_0100,3.6,0.36,-0.24,I've been struggling with anxiety and can't focus on anything.,Literature,"Research, Data Analysis",Expert,"Night, Weekends, Morning",Emotional
User_0101,3.2,0.39,-0.1,I feel hopeless about my progress and don't see a way forward.,Data Science,"Critical Thinking, Time Management",Advanced,Evening,Emotional
User_0102,3.3,0.37,-0.19,I don't feel motivated at all and keep withdrawing from activities.,Psychology,"Research, Writing, Machine Learning, Teamwork",Expert,"Morning, Afternoon, Night",Emotional
User_0103,5.3,0.36,-0.06,I know what I need to do but I just can't get myself started.,Psychology,"Statistics, Leadership, Teamwork, Project Management, Communication",Advanced,"Weekends, Morning",Motivational
User_0104,5.2,0.44,0.01,I know what I need to do but I just can't get myself started.,Biology,"Project Management, Teamwork",Expert,Weekends,Motivational
User_0105,9.2,0.93,0.2,Had a normal day. Nothing special to report.,Education,"Problem Solving, Machine Learning, Leadership",Beginner,"Afternoon, Morning, Night",None
User_0106,4.6,0.25,-0.17,I need a study partner who can explain things differently.,Computer Science,"Presentation, Leadership, Teamwork",Advanced,"Weekends, Flexible, Afternoon",Academic
User_0107,3.2,0.33,-0.07,I've been struggling with anxiety and can't focus on anything.,Business,"Problem Solving, Statistics",Advanced,"Flexible, Night, Evening",Emotional
User_0108,4.8,0.38,0.01,I keep procrastinating and need someone to hold me accountable.,Mathematics,"Time Management, Problem Solving, Communication",Beginner,"Flexible, Night, Afternoon",Motivational
User_0109,1.6,0.45,-0.26,I'm really stressed and feeling disconnected from everyone.,Literature,"Python, Problem Solving, Communication, Writing",Expert,Evening,Emotional
User_0110,1.5,0.39,-0.11,I've been struggling with anxiety and can't focus on anything.,Data Science,"Project Management, Problem Solving",Intermediate,"Afternoon, Weekends, Night",Emotional
User_0111,7.2,0.92,0.09,Today was balanced. Making good progress overall.,Computer Science,"Problem Solving, Project Management, Presentation, Research, Leadership",Intermediate,"Evening, Night, Afternoon",None
User_0112,6.2,0.27,-0.05,"I feel neutral — not bad, just stuck and unmotivated.",Education,"Leadership, Programming, Communication, Data Analysis, Critical Thinking",Intermediate,"Night, Afternoon, Weekends",Motivational
User_0113,3.7,0.15,-0.19,I feel hopeless about my progress and don't see a way forward.,Data Science,"Communication, Statistics",Expert,Evening,Emotional
User_0114,7.5,0.63,0.04,Doing well. Staying on track with my goals.,Business,"Data Analysis, Python",Intermediate,"Weekends, Evening",None
User_0115,2.3,0.1,-0.28,I'm really stressed and feeling disconnected from everyone.,Business,"Writing, Python, Communication",Expert,"Flexible, Afternoon",Emotional
User_0116,4.8,0.43,-0.16,I failed my last assignment and don't know where to improve.,Psychology,"Statistics, Programming, Communication, Research, Teamwork",Intermediate,Morning,Academic
User_0117,6.0,0.74,0.11,Feeling alright. Working through my tasks steadily.,Education,"Project Management, Critical Thinking",Expert,"Afternoon, Flexible, Evening",None
User_0118,1.1,0.24,-0.21,I feel really overwhelmed lately and don't know how to cope.,Data Science,"Statistics, Critical Thinking, Teamwork, Programming",Expert,"Weekends, Morning, Night",Emotional
User_0119,4.3,0.37,-0.08,I keep procrastinating and need someone to hold me accountable.,Mathematics,"Research, Presentation, Project Management, Programming",Advanced,Weekends,Motivational
User_0120,6.2,0.68,0.01,Everything is fine. Learning and growing steadily.,Physics,"Programming, Writing, Statistics",Intermediate,"Night, Morning, Evening",None
User_0121,7.1,0.92,0.09,Pretty good day. Focused and productive.,Data Science,"Communication, Python, Programming, Project Management, Research",Advanced,"Evening, Morning",None
User_0122,8.9,0.63,0.12,Feeling alright. Working through my tasks steadily.,Literature,"Writing, Leadership, Presentation, Teamwork",Beginner,"Weekends, Evening",None
User_0123,4.4,0.41,-0.06,"I feel neutral — not bad, just stuck and unmotivated.",Business,"Statistics, Problem Solving",Expert,"Evening, Flexible, Night",Motivational
User_0124,6.6,0.84,0.16,Things are going okay. Just checking in today.,Biology,"Statistics, Project Management",Beginner,"Night, Evening, Afternoon",None
User_0125,5.3,0.39,-0.06,I need a study partner who can explain things differently.,Mathematics,"Programming, Project Management, Problem Solving",Beginner,"Night, Weekends",Academic
User_0126,9.8,0.61,0.04,Pretty good day. Focused and productive.,Mathematics,"Critical Thinking, Problem Solving, Data Analysis",Intermediate,"Flexible, Evening",None
User_0127,1.4,0.4,-0.19,I'm feeling burnt out and emotionally drained.,Biology,"Presentation, Leadership, Research, Machine Learning",Intermediate,"Flexible, Night",Emotional
User_0128,3.4,0.28,-0.27,I feel hopeless about my progress and don't see a way forward.,Business,"Presentation, Statistics, Critical Thinking, Programming",Intermediate,"Evening, Afternoon",Emotional
User_0129,3.7,0.29,-0.11,I don't understand how to approach the research methodology.,Engineering,"Python, Problem Solving, Critical Thinking, Machine Learning, Teamwork",Beginner,"Weekends, Afternoon",Academic
User_0130,6.5,0.93,0.11,Feeling alright. Working through my tasks steadily.,Literature,"Writing, Problem Solving",Advanced,"Morning, Night, Weekends",None
User_0131,4.5,0.4,-0.18,I can't grasp the mathematical concepts no matter how hard I try.,Literature,"Teamwork, Statistics",Intermediate,"Afternoon, Evening, Flexible",Academic
User_0132,2.8,0.13,-0.14,I've been struggling with anxiety and can't focus on anything.,Biology,"Project Management, Critical Thinking, Communication",Advanced,Flexible,Emotional
User_0133,5.5,0.42,-0.17,I'm struggling to understand the core concepts in my coursework.,Education,"Teamwork, Machine Learning, Python, Programming",Advanced,Morning,Academic
User_0134,8.8,0.66,0.08,Things are manageable. Looking forward to improving more.,Data Science,"Project Management, Communication, Leadership, Research",Beginner,"Night, Evening, Flexible",None
User_0135,3.9,0.28,-0.14,I need a study partner who can explain things differently.,Business,"Problem Solving, Teamwork, Presentation",Expert,"Flexible, Evening",Academic
User_0136,3.7,0.48,-0.08,I'm falling behind on deadlines and need academic guidance.,Physics,"Communication, Leadership",Beginner,Afternoon,Academic
User_0137,6.5,0.31,-0.07,I don't understand how to approach the research methodology.,Psychology,"Time Management, Machine Learning, Presentation, Problem Solving",Expert,Afternoon,Academic
User_0138,2.5,0.41,-0.14,I'm feeling burnt out and emotionally drained.,Mathematics,"Critical Thinking, Leadership, Research, Programming, Machine Learning",Advanced,"Morning, Flexible",Emotional
User_0139,5.9,0.38,-0.07,I want to improve but can't find the motivation to push forward.,Data Science,"Teamwork, Statistics",Advanced,"Afternoon, Evening",Motivational
User_0140,6.4,0.39,0.01,"I feel neutral — not bad, just stuck and unmotivated.",Data Science,"Statistics, Data Analysis, Critical Thinking, Leadership",Intermediate,"Evening, Weekends, Morning",Motivational
User_0141,5.8,0.53,-0.05,I keep procrastinating and need someone to hold me accountable.,Psychology,"Machine Learning, Critical Thinking, Data Analysis",Intermediate,"Morning, Flexible, Weekends",Motivational
User_0142,5.6,0.25,-0.09,I need a study partner who can explain things differently.,Business,"Writing, Data Analysis, Machine Learning, Presentation",Expert,"Weekends, Evening",Academic
User_0143,4.7,0.48,0.04,I want to improve but can't find the motivation to push forward.,Mathematics,"Machine Learning, Communication, Programming, Presentation, Project Management",Expert,Weekends,Motivational
User_0144,2.7,0.35,-0.25,I'm feeling burnt out and emotionally drained.,Education,"Writing, Critical Thinking, Project Management, Presentation, Machine Learning",Beginner,"Afternoon, Flexible",Emotional
User_0145,6.2,0.51,-0.14,I keep procrastinating and need someone to hold me accountable.,Literature,"Data Analysis, Presentation, Research",Expert,"Weekends, Flexible",Motivational
User_0146,5.1,0.39,-0.08,I can't grasp the mathematical concepts no matter how hard I try.,Data Science,"Project Management, Leadership, Critical Thinking, Data Analysis",Advanced,"Afternoon, Night",Academic
User_0147,8.8,0.88,0.1,Things are manageable. Looking forward to improving more.,Engineering,"Communication, Critical Thinking, Time Management",Advanced,Evening,None
User_0148,4.7,0.35,-0.01,"I feel neutral — not bad, just stuck and unmotivated.",Data Science,"Communication, Statistics, Machine Learning, Project Management",Intermediate,"Night, Flexible, Evening",Motivational
User_0149,7.0,0.87,0.11,Today was balanced. Making good progress overall.,Biology,"Research, Time Management, Critical Thinking, Communication, Programming",Intermediate,"Evening, Afternoon, Morning",None
User_0150,2.2,0.43,-0.08,I'm feeling burnt out and emotionally drained.,Mathematics,"Problem Solving, Presentation, Leadership, Statistics, Project Management",Intermediate,Morning,Emotional
User_0151,4.8,0.44,-0.06,I'm struggling to understand the core concepts in my coursework.,Biology,"Communication, Project Management, Python, Statistics",Intermediate,"Weekends, Afternoon, Morning",Academic
User_0152,8.3,0.64,0.2,Everything is fine. Learning and growing steadily.,Physics,"Time Management, Presentation, Communication",Advanced,Morning,None
User_0153,6.6,0.78,0.05,Feeling alright. Working through my tasks steadily.,Data Science,"Time Management, Writing, Critical Thinking, Leadership, Communication",Advanced,Morning,None
User_0154,3.5,0.28,-0.28,Everything seems too much. I feel isolated and exhausted.,Business,"Machine Learning, Project Management, Programming, Research",Expert,Weekends,Emotional
User_0155,6.4,0.26,-0.11,I'm struggling to understand the core concepts in my coursework.,Psychology,"Problem Solving, Research, Python, Communication, Data Analysis",Advanced,Night,Academic
User_0156,5.7,0.57,0.03,I need someone to inspire me and keep me on track.,Business,"Python, Project Management, Statistics",Expert,"Evening, Afternoon",Motivational
User_0157,2.2,0.29,-0.18,I feel hopeless about my progress and don't see a way forward.,Biology,"Machine Learning, Research, Teamwork, Writing",Advanced,"Afternoon, Night",Emotional
User_0158,3.7,0.34,-0.15,I need help organizing my study plan and understanding the material.,Education,"Critical Thinking, Leadership",Beginner,"Flexible, Evening, Morning",Academic
User_0159,5.9,0.31,-0.15,I don't understand how to approach the research methodology.,Business,"Statistics, Project Management, Research, Presentation, Machine Learning",Expert,"Morning, Weekends",Academic
User_0160,2.7,0.12,-0.21,Everything seems too much. I feel isolated and exhausted.,Data Science,"Project Management, Programming, Communication, Presentation, Python",Intermediate,"Evening, Morning",Emotional
User_0161,2.3,0.42,-0.21,Everything seems too much. I feel isolated and exhausted.,Mathematics,"Python, Communication, Data Analysis, Writing, Presentation",Expert,"Flexible, Night, Evening",Emotional
User_0162,6.0,0.41,-0.05,I don't understand how to approach the research methodology.,Business,"Writing, Critical Thinking",Intermediate,"Weekends, Afternoon",Academic
User_0163,9.7,0.89,0.02,Pretty good day. Focused and productive.,Data Science,"Teamwork, Research, Time Management, Leadership, Problem Solving",Intermediate,Evening,None
User_0164,1.7,0.12,-0.19,I feel hopeless about my progress and don't see a way forward.,Engineering,"Statistics, Time Management, Machine Learning",Beginner,Night,Emotional
User_0165,1.7,0.41,-0.05,I feel hopeless about my progress and don't see a way forward.,Psychology,"Research, Teamwork, Presentation, Machine Learning",Advanced,"Weekends, Flexible",Emotional
User_0166,8.2,0.62,0.07,Pretty good day. Focused and productive.,Biology,"Python, Critical Thinking, Machine Learning, Presentation",Expert,Flexible,None
User_0167,6.1,0.3,-0.06,I know what I need to do but I just can't get myself started.,Literature,"Writing, Communication, Data Analysis, Time Management, Critical Thinking",Advanced,"Afternoon, Flexible",Motivational
User_0168,9.7,0.94,0.02,Today was balanced. Making good progress overall.,Literature,"Data Analysis, Research, Communication",Beginner,Evening,None
User_0169,2.4,0.4,-0.22,I feel really overwhelmed lately and don't know how to cope.,Biology,"Project Management, Machine Learning, Teamwork, Python, Statistics",Intermediate,Weekends,Emotional
User_0170,4.7,0.23,-0.19,I can't grasp the mathematical concepts no matter how hard I try.,Engineering,"Presentation, Programming",Intermediate,"Afternoon, Weekends",Academic
User_0171,9.0,0.73,0.04,Doing well. Staying on track with my goals.,Physics,"Communication, Time Management, Problem Solving, Critical Thinking",Expert,"Night, Morning",None
User_0172,7.2,0.68,0.05,Today was balanced. Making good progress overall.,Computer Science,"Presentation, Writing, Python",Expert,"Weekends, Flexible",None
User_0173,8.9,0.74,0.03,Things are manageable. Looking forward to improving more.,Data Science,"Communication, Programming, Leadership, Presentation",Intermediate,"Flexible, Night, Weekends",None
User_0174,5.8,0.29,-0.08,My grades have been dropping and I feel academically behind.,Data Science,"Critical Thinking, Python",Beginner,Flexible,Academic
User_0175,3.0,0.11,-0.17,Today was hard. I felt very lonely and couldn't concentrate.,Psychology,"Research, Critical Thinking",Expert,"Evening, Morning",Emotional
User_0176,3.8,0.28,-0.24,I'm really stressed and feeling disconnected from everyone.,Computer Science,"Critical Thinking, Communication, Python, Time Management",Beginner,"Flexible, Night, Afternoon",Emotional
User_0177,4.7,0.54,-0.13,I know what I need to do but I just can't get myself started.,Biology,"Statistics, Problem Solving, Data Analysis, Leadership, Machine Learning",Intermediate,Flexible,Motivational
User_0178,1.2,0.4,-0.14,I don't feel motivated at all and keep withdrawing from activities.,Literature,"Data Analysis, Critical Thinking, Leadership, Python, Project Management",Intermediate,Flexible,Emotional
User_0179,3.8,0.34,-0.23,I feel really overwhelmed lately and don't know how to cope.,Data Science,"Research, Time Management",Beginner,"Weekends, Night, Evening",Emotional
User_0180,6.3,0.25,-0.14,I'm falling behind on deadlines and need academic guidance.,Business,"Research, Machine Learning",Expert,Flexible,Academic
User_0181,4.1,0.4,0.02,"I feel neutral — not bad, just stuck and unmotivated.",Literature,"Programming, Presentation, Teamwork",Advanced,Weekends,Motivational
User_0182,8.2,0.75,0.04,Pretty good day. Focused and productive.,Business,"Project Management, Communication",Advanced,"Night, Afternoon",None
User_0183,2.1,0.37,-0.26,Today was hard. I felt very lonely and couldn't concentrate.,Education,"Programming, Research, Presentation, Statistics",Intermediate,Evening,Emotional
User_0184,4.3,0.28,-0.06,I need a push to stay consistent with my goals.,Business,"Statistics, Python",Advanced,"Night, Evening",Motivational
User_0185,3.6,0.1,-0.2,Everything seems too much. I feel isolated and exhausted.,Computer Science,"Problem Solving, Critical Thinking",Advanced,Weekends,Emotional
User_0186,4.3,0.2,-0.22,I can't grasp the mathematical concepts no matter how hard I try.,Education,"Project Management, Data Analysis, Writing",Advanced,Evening,Academic
User_0187,6.4,0.72,0.19,Doing well. Staying on track with my goals.,Biology,"Programming, Statistics, Problem Solving, Communication, Research",Expert,"Flexible, Night, Afternoon",None
User_0188,7.9,0.67,0.08,Doing well. Staying on track with my goals.,Business,"Problem Solving, Data Analysis, Project Management, Machine Learning, Writing",Intermediate,"Evening, Weekends",None
User_0189,5.5,0.44,-0.01,I know what I need to do but I just can't get myself started.,Physics,"Problem Solving, Data Analysis, Communication",Intermediate,"Evening, Morning",Motivational
User_0190,7.0,0.66,0.08,Pretty good day. Focused and productive.,Engineering,"Programming, Communication, Presentation, Statistics, Data Analysis",Intermediate,"Night, Afternoon, Evening",None
User_0191,3.3,0.33,-0.21,I feel really overwhelmed lately and don't know how to cope.,Physics,"Machine Learning, Data Analysis, Critical Thinking, Programming, Teamwork",Beginner,"Morning, Evening, Flexible",Emotional
User_0192,7.5,0.79,0.14,Feeling alright. Working through my tasks steadily.,Business,"Statistics, Python, Time Management, Communication, Research",Expert,"Flexible, Weekends, Afternoon",None
User_0193,5.1,0.32,-0.05,I have the knowledge but struggle with execution and drive.,Computer Science,"Statistics, Communication, Data Analysis, Time Management, Presentation",Advanced,"Afternoon, Evening, Weekends",Motivational
User_0194,3.0,0.16,-0.05,I feel hopeless about my progress and don't see a way forward.,Physics,"Problem Solving, Statistics, Communication, Python, Teamwork",Beginner,Evening,Emotional
User_0195,4.1,0.38,-0.17,My grades have been dropping and I feel academically behind.,Data Science,"Problem Solving, Critical Thinking, Data Analysis",Intermediate,"Afternoon, Night",Academic
User_0196,9.2,0.81,0.07,Today was balanced. Making good progress overall.,Education,"Data Analysis, Python, Presentation, Research, Programming",Beginner,"Flexible, Morning",None
User_0197,8.3,0.74,0.17,Feeling alright. Working through my tasks steadily.,Mathematics,"Project Management, Teamwork, Leadership, Critical Thinking",Expert,"Evening, Weekends, Night",None
User_0198,4.3,0.38,-0.12,I need a push to stay consistent with my goals.,Education,"Project Management, Writing",Advanced,"Morning, Afternoon",Motivational
User_0199,8.2,0.8,0.03,Doing well. Staying on track with my goals.,Education,"Machine Learning, Data Analysis, Teamwork",Intermediate,Night,None
User_0200,6.8,0.75,0.11,Things are manageable. Looking forward to improving more.,Education,"Teamwork, Problem Solving",Intermediate,Night,None
User_0201,9.2,0.69,0.01,Today was balanced. Making good progress overall.,Physics,"Presentation, Teamwork, Leadership, Programming, Writing",Beginner,Weekends,None
User_0202,5.9,0.54,-0.08,I know what I need to do but I just can't get myself started.,Psychology,"Machine Learning, Presentation, Programming, Leadership, Critical Thinking",Advanced,"Morning, Weekends, Flexible",Motivational
User_0203,7.1,0.94,0.02,Had a normal day. Nothing special to report.,Data Science,"Data Analysis, Statistics, Presentation",Expert,"Afternoon, Evening, Morning",None
User_0204,5.9,0.43,-0.09,I need a study partner who can explain things differently.,Engineering,"Teamwork, Presentation, Machine Learning, Project Management",Intermediate,"Afternoon, Weekends",Academic
User_0205,4.3,0.51,-0.07,I know what I need to do but I just can't get myself started.,Education,"Problem Solving, Presentation, Communication",Beginner,"Weekends, Evening",Motivational
User_0206,4.4,0.47,-0.02,I need a push to stay consistent with my goals.,Psychology,"Research, Writing, Presentation",Expert,"Afternoon, Night",Motivational
User_0207,7.3,0.6,0.15,Had a normal day. Nothing special to report.,Mathematics,"Data Analysis, Critical Thinking",Expert,"Evening, Flexible, Night",None
User_0208,8.0,0.73,0.06,Feeling alright. Working through my tasks steadily.,Business,"Programming, Critical Thinking",Intermediate,"Afternoon, Night",None
User_0209,7.8,0.6,0.19,Today was balanced. Making good progress overall.,Business,"Python, Statistics",Intermediate,"Night, Morning, Weekends",None
User_0210,5.5,0.38,-0.24,I can't grasp the mathematical concepts no matter how hard I try.,Biology,"Teamwork, Communication, Statistics",Advanced,"Evening, Flexible, Morning",Academic
User_0211,3.7,0.36,-0.15,I don't understand how to approach the research methodology.,Literature,"Presentation, Statistics",Expert,Afternoon,Academic
User_0212,1.7,0.13,-0.1,Everything seems too much. I feel isolated and exhausted.,Computer Science,"Teamwork, Statistics, Data Analysis, Presentation",Beginner,Night,Emotional
User_0213,5.5,0.31,-0.08,I want to improve but can't find the motivation to push forward.,Business,"Writing, Data Analysis, Programming, Time Management",Beginner,"Flexible, Afternoon, Morning",Motivational
User_0214,4.6,0.3,-0.09,My grades have been dropping and I feel academically behind.,Literature,"Teamwork, Research, Statistics, Programming, Writing",Expert,Weekends,Academic
User_0215,4.5,0.46,-0.11,I need a push to stay consistent with my goals.,Mathematics,"Critical Thinking, Machine Learning, Teamwork",Advanced,"Weekends, Evening, Morning",Motivational
User_0216,5.3,0.59,0.05,"I feel neutral — not bad, just stuck and unmotivated.",Computer Science,"Leadership, Data Analysis, Statistics",Beginner,Night,Motivational
User_0217,3.5,0.23,-0.07,I'm falling behind on deadlines and need academic guidance.,Literature,"Problem Solving, Critical Thinking, Project Management, Writing, Leadership",Beginner,Morning,Academic
User_0218,4.2,0.28,0.03,I keep procrastinating and need someone to hold me accountable.,Data Science,"Data Analysis, Presentation, Time Management, Statistics, Project Management",Advanced,"Weekends, Flexible, Afternoon",Motivational
User_0219,4.6,0.57,-0.13,I know what I need to do but I just can't get myself started.,Literature,"Communication, Presentation",Beginner,"Flexible, Afternoon",Motivational
User_0220,4.4,0.58,-0.05,I need someone to inspire me and keep me on track.,Psychology,"Python, Presentation",Beginner,Flexible,Motivational
User_0221,4.3,0.17,-0.11,I failed my last assignment and don't know where to improve.,Business,"Presentation, Programming, Communication",Expert,"Morning, Flexible, Evening",Academic
User_0222,9.6,0.87,0.02,Things are going okay. Just checking in today.,Physics,"Python, Leadership, Machine Learning, Writing",Beginner,"Afternoon, Evening",None
User_0223,2.7,0.42,-0.11,Today was hard. I felt very lonely and couldn't concentrate.,Computer Science,"Python, Leadership, Problem Solving",Beginner,"Afternoon, Flexible",Emotional
User_0224,3.9,0.39,-0.24,My grades have been dropping and I feel academically behind.,Business,"Data Analysis, Presentation, Problem Solving",Advanced,"Morning, Weekends",Academic
User_0225,2.7,0.1,-0.25,I'm really stressed and feeling disconnected from everyone.,Literature,"Time Management, Leadership",Beginner,"Evening, Flexible",Emotional
User_0226,6.3,0.16,-0.14,I'm struggling to understand the core concepts in my coursework.,Physics,"Machine Learning, Leadership, Programming, Research",Beginner,"Weekends, Afternoon, Flexible",Academic
User_0227,5.0,0.59,0.04,I keep procrastinating and need someone to hold me accountable.,Computer Science,"Teamwork, Presentation, Time Management, Communication, Statistics",Intermediate,Weekends,Motivational
User_0228,5.5,0.43,-0.02,I need a push to stay consistent with my goals.,Mathematics,"Time Management, Research",Beginner,"Night, Evening, Flexible",Motivational
User_0229,1.8,0.21,-0.1,I don't feel motivated at all and keep withdrawing from activities.,Education,"Data Analysis, Project Management",Advanced,Afternoon,Emotional
User_0230,5.1,0.36,-0.13,"I feel neutral — not bad, just stuck and unmotivated.",Physics,"Research, Statistics, Time Management, Writing",Intermediate,"Morning, Afternoon, Flexible",Motivational
User_0231,6.0,0.39,-0.24,I need a study partner who can explain things differently.,Physics,"Leadership, Communication, Statistics, Programming",Advanced,Flexible,Academic
User_0232,4.3,0.5,-0.24,I'm falling behind on deadlines and need academic guidance.,Mathematics,"Problem Solving, Data Analysis, Critical Thinking",Advanced,Flexible,Academic
User_0233,6.2,0.91,0.04,Today was balanced. Making good progress overall.,Data Science,"Statistics, Leadership, Time Management",Beginner,Morning,None
User_0234,6.8,0.86,0.16,Had a normal day. Nothing special to report.,Business,"Machine Learning, Time Management",Beginner,"Morning, Flexible",None
User_0235,6.1,0.39,-0.14,I need a push to stay consistent with my goals.,Mathematics,"Leadership, Python",Expert,Weekends,Motivational
User_0236,5.3,0.37,-0.12,I don't understand how to approach the research methodology.,Business,"Time Management, Writing, Communication",Beginner,"Night, Afternoon",Academic
User_0237,8.5,0.92,0.16,Pretty good day. Focused and productive.,Data Science,"Python, Statistics, Communication, Data Analysis, Writing",Intermediate,"Afternoon, Weekends",None
User_0238,5.5,0.26,0.01,I need someone to inspire me and keep me on track.,Physics,"Problem Solving, Machine Learning, Critical Thinking, Time Management, Data Analysis",Advanced,"Afternoon, Morning",Motivational
User_0239,1.8,0.39,-0.07,I feel really overwhelmed lately and don't know how to cope.,Physics,"Programming, Machine Learning, Research, Writing",Intermediate,Afternoon,Emotional
User_0240,6.3,0.35,-0.14,My grades have been dropping and I feel academically behind.,Education,"Problem Solving, Teamwork, Writing, Programming, Research",Advanced,"Evening, Flexible, Morning",Academic
User_0241,6.1,0.79,0.07,Today was balanced. Making good progress overall.,Data Science,"Writing, Leadership, Python, Statistics",Intermediate,Afternoon,None
User_0242,5.3,0.47,-0.1,I need a study partner who can explain things differently.,Business,"Time Management, Programming, Problem Solving",Intermediate,Morning,Academic
User_0243,3.4,0.44,-0.14,I've been struggling with anxiety and can't focus on anything.,Business,"Machine Learning, Statistics, Problem Solving, Communication, Programming",Expert,Afternoon,Emotional
User_0244,6.4,0.58,-0.07,I know what I need to do but I just can't get myself started.,Engineering,"Data Analysis, Communication, Presentation",Beginner,"Evening, Afternoon, Weekends",Motivational
User_0245,4.5,0.18,-0.18,I need a study partner who can explain things differently.,Education,"Time Management, Programming, Machine Learning, Research",Intermediate,"Weekends, Morning, Night",Academic
User_0246,4.6,0.43,-0.11,I'm struggling to understand the core concepts in my coursework.,Mathematics,"Leadership, Python, Communication, Research",Beginner,Flexible,Academic
User_0247,6.7,0.63,0.17,Everything is fine. Learning and growing steadily.,Physics,"Writing, Data Analysis, Leadership, Teamwork, Problem Solving",Intermediate,"Night, Morning, Flexible",None
User_0248,2.0,0.44,-0.08,I feel really overwhelmed lately and don't know how to cope.,Business,"Statistics, Time Management, Problem Solving, Writing",Beginner,"Afternoon, Morning",Emotional
User_0249,8.6,0.72,0.02,Pretty good day. Focused and productive.,Psychology,"Writing, Python, Statistics, Problem Solving, Research",Advanced,Night,None
User_0250,6.8,0.61,0.03,Everything is fine. Learning and growing steadily.,Psychology,"Problem Solving, Python",Expert,"Morning, Evening",None
User_0251,1.3,0.29,-0.25,Today was hard. I felt very lonely and couldn't concentrate.,Physics,"Communication, Programming",Advanced,"Night, Flexible",Emotional
User_0252,4.4,0.49,-0.13,"I feel neutral — not bad, just stuck and unmotivated.",Psychology,"Python, Communication, Leadership, Programming, Teamwork",Beginner,Evening,Motivational
User_0253,7.9,0.63,0.18,Things are going okay. Just checking in today.,Education,"Critical Thinking, Python, Data Analysis",Intermediate,"Night, Weekends, Flexible",None
User_0254,6.5,0.3,-0.05,I need help organizing my study plan and understanding the material.,Mathematics,"Writing, Time Management, Research, Programming, Teamwork",Beginner,Night,Academic
User_0255,5.3,0.57,-0.15,I need a push to stay consistent with my goals.,Business,"Statistics, Data Analysis",Advanced,"Night, Weekends, Evening",Motivational
User_0256,3.6,0.41,-0.08,I'm really stressed and feeling disconnected from everyone.,Literature,"Writing, Machine Learning, Teamwork",Advanced,"Morning, Flexible, Weekends",Emotional
User_0257,9.6,0.73,0.05,Things are manageable. Looking forward to improving more.,Physics,"Python, Writing, Communication, Data Analysis, Teamwork",Expert,"Weekends, Night, Morning",None
User_0258,6.1,0.49,0.04,I want to improve but can't find the motivation to push forward.,Business,"Problem Solving, Teamwork",Expert,"Evening, Flexible",Motivational
User_0259,4.1,0.44,-0.1,I need a study partner who can explain things differently.,Biology,"Programming, Teamwork, Problem Solving, Communication, Data Analysis",Expert,"Flexible, Morning, Afternoon",Academic
User_0260,1.6,0.39,-0.09,I feel hopeless about my progress and don't see a way forward.,Data Science,"Statistics, Communication, Presentation",Intermediate,"Night, Afternoon, Morning",Emotional
User_0261,2.5,0.32,-0.27,I feel really overwhelmed lately and don't know how to cope.,Physics,"Time Management, Problem Solving",Expert,"Afternoon, Evening, Weekends",Emotional
User_0262,5.7,0.39,-0.19,I'm falling behind on deadlines and need academic guidance.,Business,"Machine Learning, Leadership, Writing, Teamwork, Time Management",Advanced,"Evening, Flexible, Afternoon",Academic
User_0263,1.8,0.24,-0.29,I feel really overwhelmed lately and don't know how to cope.,Psychology,"Teamwork, Research, Project Management",Intermediate,Flexible,Emotional
User_0264,8.9,0.88,0.06,Pretty good day. Focused and productive.,Psychology,"Machine Learning, Programming, Python",Advanced,Evening,None
User_0265,5.3,0.48,0.02,"I feel neutral — not bad, just stuck and unmotivated.",Physics,"Research, Leadership, Communication, Project Management",Beginner,"Weekends, Night, Morning",Motivational
User_0266,4.7,0.5,0.03,I need someone to inspire me and keep me on track.,Biology,"Leadership, Statistics",Advanced,"Evening, Flexible",Motivational
User_0267,5.5,0.5,-0.2,I'm falling behind on deadlines and need academic guidance.,Psychology,"Time Management, Python, Programming",Beginner,"Night, Evening, Afternoon",Academic
User_0268,9.6,0.87,0.1,Feeling alright. Working through my tasks steadily.,Literature,"Machine Learning, Presentation",Expert,"Afternoon, Evening, Flexible",None
User_0269,5.5,0.23,-0.21,I can't grasp the mathematical concepts no matter how hard I try.,Biology,"Leadership, Writing",Advanced,"Evening, Weekends, Afternoon",Academic
User_0270,9.5,0.83,0.19,Had a normal day. Nothing special to report.,Business,"Communication, Machine Learning, Time Management, Leadership",Beginner,Night,None
User_0271,6.2,0.94,0.03,Today was balanced. Making good progress overall.,Engineering,"Teamwork, Project Management",Expert,"Weekends, Evening",None
User_0272,5.6,0.25,-0.1,I keep procrastinating and need someone to hold me accountable.,Literature,"Writing, Problem Solving, Presentation, Time Management, Statistics",Advanced,"Evening, Afternoon",Motivational
User_0273,4.8,0.32,-0.25,My grades have been dropping and I feel academically behind.,Physics,"Writing, Machine Learning",Expert,"Flexible, Night",Academic
User_0274,5.6,0.34,-0.01,"I feel neutral — not bad, just stuck and unmotivated.",Computer Science,"Programming, Teamwork, Critical Thinking, Research",Beginner,Flexible,Motivational
User_0275,4.7,0.35,-0.0,"I feel neutral — not bad, just stuck and unmotivated.",Psychology,"Data Analysis, Critical Thinking",Beginner,"Evening, Afternoon, Morning",Motivational
User_0276,6.9,0.89,0.03,Things are going okay. Just checking in today.,Psychology,"Time Management, Leadership, Problem Solving, Research",Beginner,Night,None
User_0277,5.3,0.17,-0.23,I'm struggling to understand the core concepts in my coursework.,Mathematics,"Presentation, Project Management, Programming, Python",Beginner,"Flexible, Evening",Academic
User_0278,3.1,0.32,-0.22,Everything seems too much. I feel isolated and exhausted.,Mathematics,"Leadership, Data Analysis, Statistics, Critical Thinking, Communication",Intermediate,"Flexible, Afternoon",Emotional
User_0279,4.3,0.29,-0.11,I want to improve but can't find the motivation to push forward.,Education,"Data Analysis, Teamwork, Statistics",Advanced,"Flexible, Weekends, Morning",Motivational
User_0280,6.3,0.49,-0.05,I want to improve but can't find the motivation to push forward.,Data Science,"Problem Solving, Presentation, Data Analysis",Expert,"Afternoon, Morning",Motivational
User_0281,3.3,0.13,-0.12,I'm really stressed and feeling disconnected from everyone.,Computer Science,"Time Management, Statistics",Beginner,"Flexible, Night, Afternoon",Emotional
User_0282,4.6,0.39,-0.16,I failed my last assignment and don't know where to improve.,Physics,"Communication, Leadership, Python, Statistics",Advanced,Morning,Academic
User_0283,3.7,0.43,-0.23,Everything seems too much. I feel isolated and exhausted.,Computer Science,"Teamwork, Writing",Advanced,"Flexible, Afternoon, Evening",Emotional
User_0284,6.0,0.48,0.01,I lack the energy to begin my tasks even though I understand them.,Business,"Statistics, Data Analysis, Teamwork",Expert,"Evening, Night",Motivational
User_0285,5.3,0.42,-0.13,I need help organizing my study plan and understanding the material.,Computer Science,"Statistics, Data Analysis, Machine Learning",Intermediate,"Weekends, Night",Academic
User_0286,8.6,0.6,0.17,Today was balanced. Making good progress overall.,Physics,"Time Management, Data Analysis",Advanced,"Morning, Flexible",None
User_0287,4.4,0.54,0.03,I know what I need to do but I just can't get myself started.,Data Science,"Data Analysis, Project Management",Expert,"Afternoon, Night, Evening",Motivational
User_0288,1.2,0.18,-0.14,Today was hard. I felt very lonely and couldn't concentrate.,Psychology,"Teamwork, Leadership, Writing, Statistics, Time Management",Advanced,"Afternoon, Evening",Emotional
User_0289,6.4,0.41,-0.25,I'm falling behind on deadlines and need academic guidance.,Mathematics,"Leadership, Programming, Machine Learning, Time Management, Statistics",Beginner,"Night, Evening",Academic
User_0290,9.8,0.75,0.01,Today was balanced. Making good progress overall.,Computer Science,"Teamwork, Statistics",Expert,"Weekends, Evening, Afternoon",None
User_0291,6.0,0.74,0.13,Everything is fine. Learning and growing steadily.,Business,"Presentation, Project Management, Problem Solving, Time Management, Leadership",Intermediate,Morning,None
User_0292,4.6,0.32,-0.13,I need a push to stay consistent with my goals.,Mathematics,"Time Management, Writing",Beginner,"Afternoon, Night",Motivational
User_0293,5.8,0.31,-0.12,I need help organizing my study plan and understanding the material.,Physics,"Presentation, Problem Solving, Statistics",Beginner,"Morning, Weekends",Academic
User_0294,8.9,0.65,0.08,Doing well. Staying on track with my goals.,Computer Science,"Critical Thinking, Data Analysis",Intermediate,"Night, Weekends, Afternoon",None
User_0295,7.7,0.88,0.15,Everything is fine. Learning and growing steadily.,Literature,"Communication, Data Analysis, Problem Solving",Intermediate,"Night, Afternoon",None
User_0296,5.3,0.49,-0.09,I lack the energy to begin my tasks even though I understand them.,Data Science,"Research, Time Management, Machine Learning",Intermediate,"Evening, Flexible, Afternoon",Motivational
User_0297,6.0,0.43,-0.14,I keep procrastinating and need someone to hold me accountable.,Data Science,"Machine Learning, Time Management, Project Management, Presentation, Data Analysis",Expert,"Flexible, Weekends, Evening",Motivational
User_0298,1.4,0.12,-0.1,I feel hopeless about my progress and don't see a way forward.,Computer Science,"Communication, Programming, Teamwork",Advanced,Evening,Emotional
User_0299,1.7,0.37,-0.1,I'm really stressed and feeling disconnected from everyone.,Business,"Statistics, Machine Learning, Project Management, Presentation, Critical Thinking",Expert,Flexible,Emotional
User_0300,1.6,0.4,-0.08,I'm feeling burnt out and emotionally drained.,Literature,"Data Analysis, Programming, Project Management, Problem Solving, Critical Thinking",Advanced,Morning,Emotional
User_0301,4.1,0.21,-0.15,I'm falling behind on deadlines and need academic guidance.,Business,"Programming, Presentation, Research",Beginner,"Night, Afternoon",Academic
User_0302,3.1,0.15,-0.26,I don't feel motivated at all and keep withdrawing from activities.,Literature,"Critical Thinking, Communication, Writing, Programming",Expert,"Evening, Morning, Flexible",Emotional
User_0303,3.9,0.28,-0.1,I've been struggling with anxiety and can't focus on anything.,Education,"Leadership, Programming, Machine Learning, Critical Thinking",Intermediate,"Morning, Evening",Emotional
User_0304,6.9,0.9,0.11,Things are going okay. Just checking in today.,Data Science,"Statistics, Problem Solving, Research, Programming, Project Management",Advanced,"Evening, Flexible",None
User_0305,2.1,0.38,-0.27,I'm really stressed and feeling disconnected from everyone.,Business,"Research, Project Management, Machine Learning, Programming, Time Management",Advanced,Flexible,Emotional
User_0306,4.8,0.28,-0.13,I know what I need to do but I just can't get myself started.,Computer Science,"Critical Thinking, Programming, Time Management, Leadership",Intermediate,"Morning, Evening",Motivational
User_0307,2.9,0.43,-0.11,I've been struggling with anxiety and can't focus on anything.,Engineering,"Teamwork, Project Management, Data Analysis",Expert,Afternoon,Emotional
User_0308,2.7,0.18,-0.24,Today was hard. I felt very lonely and couldn't concentrate.,Physics,"Python, Statistics, Teamwork, Time Management",Beginner,Evening,Emotional
User_0309,8.8,0.63,0.19,Had a normal day. Nothing special to report.,Literature,"Problem Solving, Python, Data Analysis, Project Management, Statistics",Beginner,"Morning, Weekends, Flexible",None
User_0310,5.2,0.44,-0.12,I need a push to stay consistent with my goals.,Biology,"Communication, Programming",Beginner,"Night, Flexible",Motivational
User_0311,4.3,0.25,-0.03,I lack the energy to begin my tasks even though I understand them.,Psychology,"Project Management, Programming, Presentation, Time Management",Intermediate,"Morning, Weekends",Motivational
User_0312,4.6,0.54,-0.11,I keep procrastinating and need someone to hold me accountable.,Engineering,"Research, Data Analysis, Project Management, Critical Thinking",Intermediate,Afternoon,Motivational
User_0313,1.6,0.3,-0.06,I don't feel motivated at all and keep withdrawing from activities.,Data Science,"Project Management, Critical Thinking, Statistics, Communication, Time Management",Beginner,Evening,Emotional
User_0314,5.0,0.26,-0.12,I need help organizing my study plan and understanding the material.,Engineering,"Communication, Machine Learning",Advanced,Afternoon,Academic
User_0315,4.3,0.51,0.03,I have the knowledge but struggle with execution and drive.,Business,"Writing, Python, Problem Solving, Research, Presentation",Advanced,"Flexible, Night, Evening",Motivational
User_0316,9.6,0.68,0.15,Had a normal day. Nothing special to report.,Business,"Leadership, Critical Thinking, Statistics, Writing",Intermediate,"Weekends, Morning, Evening",None
User_0317,2.7,0.29,-0.05,I'm feeling burnt out and emotionally drained.,Computer Science,"Teamwork, Machine Learning",Beginner,"Night, Weekends, Afternoon",Emotional
User_0318,4.7,0.33,-0.12,I need help organizing my study plan and understanding the material.,Business,"Research, Programming, Machine Learning, Presentation, Communication",Beginner,Night,Academic
User_0319,4.2,0.32,-0.24,I need a study partner who can explain things differently.,Physics,"Writing, Machine Learning, Teamwork",Beginner,"Afternoon, Night, Evening",Academic
User_0320,3.6,0.38,-0.23,I can't grasp the mathematical concepts no matter how hard I try.,Computer Science,"Critical Thinking, Programming, Problem Solving",Beginner,"Night, Flexible",Academic
User_0321,4.9,0.57,-0.05,"I feel neutral — not bad, just stuck and unmotivated.",Education,"Data Analysis, Project Management, Time Management",Advanced,"Weekends, Morning",Motivational
User_0322,5.3,0.35,-0.12,I keep procrastinating and need someone to hold me accountable.,Physics,"Time Management, Machine Learning, Python, Critical Thinking, Writing",Beginner,"Afternoon, Flexible",Motivational
User_0323,5.7,0.42,-0.03,I need a push to stay consistent with my goals.,Education,"Project Management, Research",Expert,"Evening, Morning",Motivational
User_0324,1.2,0.19,-0.25,Today was hard. I felt very lonely and couldn't concentrate.,Engineering,"Writing, Machine Learning",Intermediate,"Afternoon, Flexible, Morning",Emotional
User_0325,3.5,0.31,-0.1,I've been struggling with anxiety and can't focus on anything.,Biology,"Research, Leadership",Intermediate,"Night, Flexible, Afternoon",Emotional
User_0326,5.0,0.29,-0.11,I need a push to stay consistent with my goals.,Psychology,"Time Management, Leadership, Machine Learning, Programming",Expert,Afternoon,Motivational
User_0327,4.9,0.2,-0.13,I'm struggling to understand the core concepts in my coursework.,Education,"Writing, Leadership",Beginner,"Weekends, Morning, Flexible",Academic
User_0328,7.4,0.92,0.18,Had a normal day. Nothing special to report.,Data Science,"Problem Solving, Teamwork, Python, Presentation, Critical Thinking",Expert,"Afternoon, Night",None
User_0329,7.0,0.6,0.15,Things are going okay. Just checking in today.,Psychology,"Leadership, Programming, Research, Statistics",Expert,"Weekends, Flexible",None
User_0330,2.2,0.14,-0.19,I'm really stressed and feeling disconnected from everyone.,Data Science,"Data Analysis, Project Management",Advanced,Flexible,Emotional
User_0331,4.4,0.45,-0.05,I need someone to inspire me and keep me on track.,Data Science,"Machine Learning, Problem Solving, Time Management, Communication, Project Management",Expert,"Afternoon, Night",Motivational
User_0332,5.1,0.49,-0.12,I want to improve but can't find the motivation to push forward.,Literature,"Teamwork, Time Management, Project Management",Intermediate,Flexible,Motivational
User_0333,9.7,0.77,0.01,Today was balanced. Making good progress overall.,Business,"Writing, Data Analysis",Expert,"Morning, Flexible, Afternoon",None
User_0334,5.8,0.46,0.04,I keep procrastinating and need someone to hold me accountable.,Mathematics,"Presentation, Data Analysis",Advanced,"Weekends, Flexible",Motivational
User_0335,9.1,0.8,0.14,Feeling alright. Working through my tasks steadily.,Physics,"Research, Teamwork",Beginner,"Weekends, Evening, Afternoon",None
User_0336,2.1,0.24,-0.15,I feel really overwhelmed lately and don't know how to cope.,Business,"Project Management, Python, Writing",Expert,Evening,Emotional
User_0337,2.8,0.17,-0.07,I feel really overwhelmed lately and don't know how to cope.,Mathematics,"Presentation, Teamwork, Critical Thinking, Machine Learning",Intermediate,"Evening, Flexible",Emotional
User_0338,6.2,0.53,-0.04,I have the knowledge but struggle with execution and drive.,Psychology,"Critical Thinking, Statistics, Time Management, Teamwork, Programming",Advanced,"Evening, Morning",Motivational
User_0339,6.5,0.63,0.13,Today was balanced. Making good progress overall.,Education,"Programming, Research, Time Management, Problem Solving, Leadership",Expert,"Night, Weekends, Morning",None
User_0340,4.7,0.41,-0.18,I need help organizing my study plan and understanding the material.,Business,"Problem Solving, Critical Thinking, Teamwork, Python, Communication",Beginner,Evening,Academic
User_0341,6.9,0.7,0.05,Today was balanced. Making good progress overall.,Business,"Research, Machine Learning, Communication, Writing",Intermediate,"Flexible, Afternoon, Night",None
User_0342,5.3,0.42,-0.14,I'm struggling to understand the core concepts in my coursework.,Engineering,"Writing, Programming, Statistics, Teamwork",Expert,Flexible,Academic
User_0343,7.6,0.9,0.03,Pretty good day. Focused and productive.,Business,"Leadership, Machine Learning, Communication, Time Management",Advanced,Weekends,None
User_0344,9.9,0.88,0.09,Things are going okay. Just checking in today.,Data Science,"Critical Thinking, Problem Solving",Expert,"Flexible, Afternoon",None
User_0345,1.7,0.26,-0.15,I don't feel motivated at all and keep withdrawing from activities.,Engineering,"Machine Learning, Statistics, Problem Solving, Programming, Time Management",Advanced,"Afternoon, Weekends",Emotional
User_0346,5.2,0.49,-0.11,I failed my last assignment and don't know where to improve.,Physics,"Research, Data Analysis, Presentation, Problem Solving, Programming",Intermediate,"Evening, Night",Academic
User_0347,5.2,0.6,0.02,"I feel neutral — not bad, just stuck and unmotivated.",Engineering,"Teamwork, Data Analysis, Research, Writing, Presentation",Expert,"Morning, Afternoon",Motivational
User_0348,6.9,0.7,0.17,Had a normal day. Nothing special to report.,Biology,"Critical Thinking, Teamwork, Machine Learning, Python",Beginner,"Morning, Afternoon",None
User_0349,6.5,0.95,0.19,Today was balanced. Making good progress overall.,Business,"Problem Solving, Time Management, Critical Thinking, Programming",Expert,"Evening, Morning",None
User_0350,4.9,0.48,-0.08,I need a study partner who can explain things differently.,Biology,"Problem Solving, Project Management, Critical Thinking, Leadership",Advanced,"Night, Morning, Flexible",Academic
User_0351,8.6,0.88,0.12,Pretty good day. Focused and productive.,Education,"Teamwork, Statistics, Time Management, Writing, Problem Solving",Advanced,Evening,None
User_0352,4.3,0.33,-0.1,I lack the energy to begin my tasks even though I understand them.,Physics,"Presentation, Machine Learning, Critical Thinking, Leadership",Beginner,"Afternoon, Flexible",Motivational
User_0353,5.1,0.5,-0.23,I need help organizing my study plan and understanding the material.,Psychology,"Statistics, Time Management, Teamwork, Leadership, Critical Thinking",Expert,Morning,Academic
User_0354,2.6,0.16,-0.29,I don't feel motivated at all and keep withdrawing from activities.,Literature,"Research, Time Management, Presentation, Communication",Intermediate,"Flexible, Afternoon",Emotional
User_0355,5.5,0.41,-0.0,I need a push to stay consistent with my goals.,Physics,"Teamwork, Critical Thinking, Communication, Time Management, Leadership",Intermediate,Flexible,Motivational
User_0356,4.4,0.25,-0.05,I keep procrastinating and need someone to hold me accountable.,Business,"Critical Thinking, Research, Programming, Statistics, Leadership",Advanced,"Evening, Night",Motivational
User_0357,5.5,0.53,-0.04,I want to improve but can't find the motivation to push forward.,Biology,"Critical Thinking, Python, Presentation, Leadership, Programming",Advanced,"Morning, Night",Motivational
User_0358,6.3,0.85,0.1,Everything is fine. Learning and growing steadily.,Data Science,"Data Analysis, Research, Writing, Presentation, Project Management",Advanced,"Night, Afternoon",None
User_0359,5.6,0.47,-0.1,I have the knowledge but struggle with execution and drive.,Data Science,"Data Analysis, Research, Statistics, Writing",Beginner,Evening,Motivational
User_0360,4.3,0.4,-0.1,My grades have been dropping and I feel academically behind.,Business,"Writing, Python",Advanced,"Morning, Afternoon, Flexible",Academic
User_0361,4.0,0.26,-0.1,I don't feel motivated at all and keep withdrawing from activities.,Psychology,"Leadership, Research",Expert,"Night, Evening",Emotional
User_0362,1.5,0.41,-0.24,Today was hard. I felt very lonely and couldn't concentrate.,Psychology,"Communication, Programming",Expert,"Morning, Weekends",Emotional
User_0363,1.6,0.36,-0.28,I feel hopeless about my progress and don't see a way forward.,Mathematics,"Data Analysis, Programming, Leadership",Beginner,Flexible,Emotional
User_0364,7.9,0.72,0.07,Things are going okay. Just checking in today.,Literature,"Time Management, Problem Solving, Writing, Project Management",Advanced,"Morning, Weekends, Flexible",None
User_0365,5.3,0.29,-0.2,I'm struggling to understand the core concepts in my coursework.,Mathematics,"Project Management, Data Analysis, Problem Solving",Advanced,Afternoon,Academic
User_0366,6.4,0.85,0.19,Things are going okay. Just checking in today.,Education,"Problem Solving, Programming, Statistics",Expert,Afternoon,None
User_0367,1.7,0.44,-0.1,I don't feel motivated at all and keep withdrawing from activities.,Business,"Presentation, Critical Thinking, Programming",Expert,Afternoon,Emotional
User_0368,9.6,0.79,0.09,Everything is fine. Learning and growing steadily.,Engineering,"Presentation, Data Analysis",Advanced,"Flexible, Afternoon",None
User_0369,8.1,0.78,0.16,Doing well. Staying on track with my goals.,Engineering,"Critical Thinking, Problem Solving, Teamwork",Beginner,"Night, Evening, Afternoon",None
User_0370,6.8,0.87,0.15,Feeling alright. Working through my tasks steadily.,Computer Science,"Presentation, Writing, Python, Machine Learning, Problem Solving",Expert,"Afternoon, Evening, Morning",None
User_0371,6.2,0.32,-0.05,I lack the energy to begin my tasks even though I understand them.,Business,"Project Management, Problem Solving, Statistics, Programming, Critical Thinking",Intermediate,"Morning, Flexible, Afternoon",Motivational
User_0372,2.8,0.12,-0.07,I feel hopeless about my progress and don't see a way forward.,Education,"Project Management, Leadership, Critical Thinking, Machine Learning, Presentation",Intermediate,"Morning, Evening",Emotional
User_0373,8.1,0.89,0.17,Had a normal day. Nothing special to report.,Mathematics,"Programming, Project Management, Python, Problem Solving, Critical Thinking",Advanced,"Night, Evening, Morning",None
User_0374,4.1,0.33,-0.2,I need help organizing my study plan and understanding the material.,Data Science,"Statistics, Presentation",Expert,Weekends,Academic
User_0375,8.2,0.8,0.13,Things are manageable. Looking forward to improving more.,Mathematics,"Project Management, Leadership, Presentation, Time Management",Intermediate,"Morning, Afternoon",None
User_0376,5.4,0.32,0.0,I need someone to inspire me and keep me on track.,Business,"Teamwork, Problem Solving, Data Analysis, Project Management",Intermediate,"Flexible, Evening",Motivational
User_0377,4.0,0.59,-0.11,"I feel neutral — not bad, just stuck and unmotivated.",Physics,"Data Analysis, Python, Presentation, Teamwork, Communication",Advanced,"Morning, Weekends, Afternoon",Motivational
User_0378,2.1,0.3,-0.24,I'm really stressed and feeling disconnected from everyone.,Biology,"Statistics, Python, Leadership",Advanced,"Afternoon, Flexible",Emotional
User_0379,2.8,0.21,-0.12,Today was hard. I felt very lonely and couldn't concentrate.,Education,"Machine Learning, Research, Presentation, Statistics, Problem Solving",Beginner,"Afternoon, Night",Emotional
User_0380,2.9,0.32,-0.29,I feel really overwhelmed lately and don't know how to cope.,Computer Science,"Problem Solving, Teamwork, Data Analysis, Programming",Beginner,Afternoon,Emotional
User_0381,5.7,0.6,0.04,I lack the energy to begin my tasks even though I understand them.,Data Science,"Problem Solving, Critical Thinking, Presentation",Beginner,Afternoon,Motivational
User_0382,5.1,0.24,-0.17,I'm falling behind on deadlines and need academic guidance.,Literature,"Programming, Data Analysis, Writing, Time Management",Beginner,"Morning, Night",Academic
User_0383,3.7,0.42,-0.19,I failed my last assignment and don't know where to improve.,Psychology,"Critical Thinking, Research, Leadership, Data Analysis, Project Management",Intermediate,"Afternoon, Weekends, Flexible",Academic
User_0384,4.0,0.32,-0.05,I'm feeling burnt out and emotionally drained.,Literature,"Problem Solving, Time Management, Research, Teamwork, Presentation",Intermediate,"Flexible, Morning, Evening",Emotional
User_0385,4.0,0.4,-0.23,I'm struggling to understand the core concepts in my coursework.,Physics,"Time Management, Teamwork",Advanced,Afternoon,Academic
User_0386,4.4,0.31,-0.18,My grades have been dropping and I feel academically behind.,Education,"Teamwork, Time Management, Communication",Beginner,Evening,Academic
User_0387,4.6,0.47,-0.14,I can't grasp the mathematical concepts no matter how hard I try.,Data Science,"Critical Thinking, Leadership, Machine Learning, Presentation",Beginner,Flexible,Academic
User_0388,3.7,0.38,-0.12,I need a study partner who can explain things differently.,Computer Science,"Research, Programming, Presentation, Machine Learning",Beginner,"Morning, Night",Academic
User_0389,2.5,0.31,-0.28,I feel hopeless about my progress and don't see a way forward.,Computer Science,"Teamwork, Project Management, Data Analysis, Research",Advanced,"Weekends, Morning",Emotional
User_0390,9.0,0.61,0.14,Doing well. Staying on track with my goals.,Data Science,"Python, Research",Expert,"Evening, Flexible, Night",None
User_0391,4.6,0.37,-0.07,I keep procrastinating and need someone to hold me accountable.,Engineering,"Programming, Python, Project Management, Communication",Advanced,"Morning, Weekends",Motivational
User_0392,3.7,0.22,-0.16,I feel hopeless about my progress and don't see a way forward.,Literature,"Data Analysis, Research, Machine Learning",Advanced,Night,Emotional
User_0393,6.5,0.49,-0.22,I need help organizing my study plan and understanding the material.,Education,"Teamwork, Writing, Communication",Expert,"Flexible, Weekends, Afternoon",Academic
User_0394,5.9,0.56,-0.07,I need a push to stay consistent with my goals.,Mathematics,"Writing, Problem Solving",Beginner,Flexible,Motivational
User_0395,5.9,0.46,-0.1,I want to improve but can't find the motivation to push forward.,Physics,"Writing, Programming, Research, Statistics",Beginner,Afternoon,Motivational
User_0396,4.1,0.29,-0.16,I need help organizing my study plan and understanding the material.,Engineering,"Problem Solving, Statistics",Advanced,"Night, Afternoon, Flexible",Academic
User_0397,4.2,0.38,-0.21,My grades have been dropping and I feel academically behind.,Engineering,"Data Analysis, Programming",Expert,Evening,Academic
User_0398,3.3,0.31,-0.09,I don't feel motivated at all and keep withdrawing from activities.,Psychology,"Teamwork, Machine Learning, Leadership, Presentation, Problem Solving",Expert,"Afternoon, Night",Emotional
User_0399,8.1,0.76,0.15,Pretty good day. Focused and productive.,Education,"Critical Thinking, Statistics",Intermediate,"Night, Morning",None
User_0400,2.8,0.12,-0.17,I've been struggling with anxiety and can't focus on anything.,Engineering,"Leadership, Data Analysis, Communication, Programming",Advanced,"Afternoon, Night",Emotional
User_0401,7.6,0.73,0.0,Things are manageable. Looking forward to improving more.,Physics,"Presentation, Critical Thinking",Intermediate,Afternoon,None
User_0402,3.8,0.31,-0.18,I'm falling behind on deadlines and need academic guidance.,Physics,"Communication, Problem Solving",Beginner,"Flexible, Afternoon, Morning",Academic
User_0403,5.8,0.17,-0.19,I don't understand how to approach the research methodology.,Literature,"Python, Programming, Writing, Problem Solving, Machine Learning",Intermediate,"Afternoon, Flexible, Weekends",Academic
User_0404,4.0,0.42,-0.05,I know what I need to do but I just can't get myself started.,Psychology,"Time Management, Writing",Advanced,Morning,Motivational
User_0405,8.4,0.6,0.18,Everything is fine. Learning and growing steadily.,Engineering,"Machine Learning, Project Management, Leadership",Beginner,"Night, Flexible",None
User_0406,5.5,0.44,-0.19,I failed my last assignment and don't know where to improve.,Computer Science,"Writing, Python, Project Management",Beginner,"Morning, Afternoon",Academic
User_0407,3.2,0.23,-0.29,I'm really stressed and feeling disconnected from everyone.,Mathematics,"Writing, Time Management, Project Management, Communication, Machine Learning",Expert,"Flexible, Weekends, Afternoon",Emotional
User_0408,4.3,0.49,-0.1,I need a push to stay consistent with my goals.,Business,"Teamwork, Statistics, Programming, Data Analysis, Critical Thinking",Expert,Evening,Motivational
User_0409,5.7,0.36,-0.09,I can't grasp the mathematical concepts no matter how hard I try.,Engineering,"Statistics, Machine Learning",Expert,"Flexible, Weekends, Morning",Academic
User_0410,8.1,0.85,0.1,Feeling alright. Working through my tasks steadily.,Education,"Communication, Critical Thinking, Machine Learning, Programming",Expert,"Afternoon, Weekends",None
User_0411,5.9,0.5,-0.17,I need a study partner who can explain things differently.,Biology,"Python, Statistics, Time Management",Intermediate,"Flexible, Morning",Academic
User_0412,4.8,0.44,0.0,I lack the energy to begin my tasks even though I understand them.,Data Science,"Python, Project Management, Research",Advanced,"Evening, Flexible, Morning",Motivational
User_0413,6.3,0.42,-0.06,I know what I need to do but I just can't get myself started.,Business,"Presentation, Machine Learning, Teamwork, Python, Writing",Advanced,Evening,Motivational
User_0414,6.0,0.25,-0.11,I need a study partner who can explain things differently.,Physics,"Project Management, Leadership, Critical Thinking",Beginner,"Night, Flexible",Academic
User_0415,2.0,0.23,-0.17,I've been struggling with anxiety and can't focus on anything.,Engineering,"Programming, Time Management, Problem Solving, Statistics",Beginner,Evening,Emotional
User_0416,7.1,0.63,0.18,Doing well. Staying on track with my goals.,Psychology,"Teamwork, Programming",Beginner,"Flexible, Evening",None
User_0417,9.1,0.97,0.09,Things are going okay. Just checking in today.,Biology,"Critical Thinking, Communication, Writing",Beginner,Evening,None
User_0418,9.1,0.64,0.2,Feeling alright. Working through my tasks steadily.,Data Science,"Research, Problem Solving, Leadership",Intermediate,"Weekends, Evening, Flexible",None
User_0419,4.5,0.46,-0.23,I can't grasp the mathematical concepts no matter how hard I try.,Computer Science,"Data Analysis, Presentation, Critical Thinking, Statistics, Python",Beginner,"Morning, Weekends",Academic
User_0420,2.6,0.37,-0.13,I'm really stressed and feeling disconnected from everyone.,Education,"Project Management, Research, Problem Solving, Teamwork",Advanced,Evening,Emotional
User_0421,4.3,0.48,-0.09,My grades have been dropping and I feel academically behind.,Psychology,"Statistics, Python, Machine Learning, Critical Thinking",Advanced,"Morning, Afternoon, Evening",Academic
User_0422,4.9,0.39,-0.23,I'm struggling to understand the core concepts in my coursework.,Mathematics,"Machine Learning, Problem Solving, Critical Thinking, Leadership",Beginner,Afternoon,Academic
User_0423,2.0,0.17,-0.11,Everything seems too much. I feel isolated and exhausted.,Literature,"Writing, Presentation, Machine Learning, Programming, Project Management",Advanced,"Flexible, Night, Evening",Emotional
User_0424,8.7,0.88,0.09,Today was balanced. Making good progress overall.,Education,"Statistics, Teamwork, Programming",Advanced,"Night, Morning, Flexible",None
User_0425,5.0,0.17,-0.23,I don't understand how to approach the research methodology.,Psychology,"Time Management, Problem Solving, Data Analysis, Writing",Expert,"Flexible, Evening, Weekends",Academic
User_0426,7.6,0.89,0.02,Had a normal day. Nothing special to report.,Psychology,"Programming, Problem Solving, Machine Learning, Time Management",Beginner,Weekends,None
User_0427,6.4,0.38,-0.08,I need a push to stay consistent with my goals.,Data Science,"Data Analysis, Machine Learning, Time Management, Research, Teamwork",Intermediate,Weekends,Motivational
User_0428,8.4,0.79,0.11,Things are manageable. Looking forward to improving more.,Education,"Critical Thinking, Presentation, Research, Writing",Beginner,"Flexible, Morning, Night",None
User_0429,3.8,0.44,-0.07,I'm struggling to understand the core concepts in my coursework.,Biology,"Statistics, Machine Learning, Time Management, Project Management, Teamwork",Beginner,"Evening, Night",Academic
User_0430,4.4,0.43,-0.11,I'm falling behind on deadlines and need academic guidance.,Psychology,"Critical Thinking, Communication, Data Analysis, Machine Learning, Presentation",Advanced,"Afternoon, Flexible",Academic
User_0431,4.9,0.44,-0.14,"I feel neutral — not bad, just stuck and unmotivated.",Mathematics,"Machine Learning, Critical Thinking",Beginner,"Afternoon, Evening",Motivational
User_0432,2.2,0.25,-0.25,I've been struggling with anxiety and can't focus on anything.,Biology,"Research, Data Analysis",Expert,"Weekends, Night, Evening",Emotional
User_0433,6.5,0.63,0.0,Things are manageable. Looking forward to improving more.,Psychology,"Critical Thinking, Data Analysis, Problem Solving",Intermediate,"Afternoon, Evening",None
User_0434,8.5,0.78,0.08,Things are manageable. Looking forward to improving more.,Psychology,"Writing, Project Management",Expert,"Night, Weekends",None
User_0435,9.4,0.69,0.1,Pretty good day. Focused and productive.,Business,"Writing, Data Analysis, Machine Learning",Expert,Weekends,None
User_0436,4.4,0.51,0.05,I need someone to inspire me and keep me on track.,Computer Science,"Machine Learning, Leadership",Beginner,"Evening, Morning, Night",Motivational
User_0437,8.5,0.87,0.13,Everything is fine. Learning and growing steadily.,Data Science,"Critical Thinking, Machine Learning",Expert,Afternoon,None
User_0438,2.1,0.44,-0.23,I've been struggling with anxiety and can't focus on anything.,Business,"Leadership, Time Management",Expert,"Night, Weekends, Evening",Emotional
User_0439,2.7,0.3,-0.14,I'm really stressed and feeling disconnected from everyone.,Education,"Presentation, Programming, Machine Learning, Communication",Expert,Flexible,Emotional
User_0440,1.8,0.19,-0.11,I've been struggling with anxiety and can't focus on anything.,Biology,"Statistics, Writing, Critical Thinking, Time Management, Communication",Advanced,"Afternoon, Weekends",Emotional
User_0441,5.9,0.45,-0.18,I failed my last assignment and don't know where to improve.,Physics,"Programming, Writing, Communication, Presentation",Intermediate,Night,Academic
User_0442,5.7,0.21,-0.13,I need a study partner who can explain things differently.,Education,"Teamwork, Leadership, Programming",Expert,"Night, Afternoon",Academic
User_0443,2.4,0.43,-0.07,I feel hopeless about my progress and don't see a way forward.,Biology,"Python, Writing",Advanced,"Night, Flexible",Emotional
User_0444,9.8,0.87,0.01,Doing well. Staying on track with my goals.,Literature,"Communication, Writing, Critical Thinking, Data Analysis, Python",Advanced,"Night, Flexible",None
User_0445,7.8,0.87,0.05,Today was balanced. Making good progress overall.,Education,"Problem Solving, Communication, Teamwork, Statistics",Expert,"Flexible, Weekends",None
User_0446,4.2,0.29,-0.06,I want to improve but can't find the motivation to push forward.,Psychology,"Critical Thinking, Python, Project Management, Teamwork",Expert,Morning,Motivational
User_0447,6.4,0.47,-0.01,I lack the energy to begin my tasks even though I understand them.,Biology,"Python, Time Management, Machine Learning",Intermediate,Morning,Motivational
User_0448,1.8,0.26,-0.07,I'm feeling burnt out and emotionally drained.,Education,"Data Analysis, Project Management, Programming",Intermediate,"Weekends, Afternoon, Morning",Emotional
User_0449,4.8,0.27,0.04,I need someone to inspire me and keep me on track.,Literature,"Communication, Writing, Programming, Statistics",Expert,"Morning, Night",Motivational
User_0450,3.9,0.42,-0.21,I failed my last assignment and don't know where to improve.,Physics,"Leadership, Research",Beginner,"Night, Afternoon, Flexible",Academic
User_0451,9.1,0.61,0.1,Things are going okay. Just checking in today.,Biology,"Python, Statistics",Advanced,Weekends,None
User_0452,2.3,0.4,-0.1,Everything seems too much. I feel isolated and exhausted.,Literature,"Writing, Presentation, Problem Solving, Data Analysis",Expert,"Morning, Weekends, Night",Emotional
User_0453,4.7,0.37,-0.06,I failed my last assignment and don't know where to improve.,Computer Science,"Presentation, Teamwork, Programming, Leadership, Statistics",Advanced,"Weekends, Evening, Flexible",Academic
User_0454,5.7,0.35,-0.07,I lack the energy to begin my tasks even though I understand them.,Data Science,"Statistics, Teamwork, Leadership, Communication",Expert,"Afternoon, Flexible, Morning",Motivational
User_0455,4.1,0.26,0.05,I want to improve but can't find the motivation to push forward.,Physics,"Time Management, Project Management",Intermediate,"Flexible, Afternoon",Motivational
User_0456,6.1,0.62,0.16,Things are going okay. Just checking in today.,Literature,"Programming, Critical Thinking",Beginner,"Evening, Night, Weekends",None
User_0457,9.7,0.61,0.03,Things are going okay. Just checking in today.,Mathematics,"Programming, Project Management, Teamwork",Intermediate,"Night, Weekends, Afternoon",None
User_0458,9.6,0.93,0.02,Feeling alright. Working through my tasks steadily.,Education,"Research, Presentation",Beginner,"Afternoon, Morning, Flexible",None
User_0459,2.0,0.39,-0.12,Today was hard. I felt very lonely and couldn't concentrate.,Mathematics,"Leadership, Machine Learning",Expert,"Afternoon, Morning, Flexible",Emotional
User_0460,4.8,0.29,-0.12,I need a push to stay consistent with my goals.,Mathematics,"Problem Solving, Teamwork, Programming",Intermediate,Morning,Motivational
User_0461,5.9,0.37,-0.17,I need help organizing my study plan and understanding the material.,Business,"Leadership, Research, Machine Learning",Beginner,Afternoon,Academic
User_0462,2.2,0.38,-0.11,I've been struggling with anxiety and can't focus on anything.,Physics,"Python, Time Management",Advanced,Morning,Emotional
User_0463,5.3,0.4,-0.13,I failed my last assignment and don't know where to improve.,Psychology,"Critical Thinking, Leadership, Data Analysis, Research",Beginner,Weekends,Academic
User_0464,5.2,0.47,-0.11,I know what I need to do but I just can't get myself started.,Business,"Python, Critical Thinking, Research, Programming, Statistics",Intermediate,"Morning, Weekends, Evening",Motivational
User_0465,3.7,0.28,-0.21,I can't grasp the mathematical concepts no matter how hard I try.,Mathematics,"Project Management, Teamwork, Leadership",Beginner,"Afternoon, Flexible",Academic
User_0466,5.2,0.29,0.03,I have the knowledge but struggle with execution and drive.,Education,"Python, Statistics, Presentation, Time Management, Critical Thinking",Beginner,Afternoon,Motivational
User_0467,4.6,0.33,-0.07,I want to improve but can't find the motivation to push forward.,Literature,"Presentation, Project Management, Problem Solving",Advanced,Morning,Motivational
User_0468,6.9,0.84,0.04,Doing well. Staying on track with my goals.,Engineering,"Leadership, Machine Learning",Intermediate,"Morning, Night",None
User_0469,3.6,0.35,-0.19,I failed my last assignment and don't know where to improve.,Physics,"Project Management, Problem Solving, Communication",Intermediate,Evening,Academic
User_0470,6.3,0.94,0.1,Today was balanced. Making good progress overall.,Physics,"Writing, Programming, Problem Solving, Research, Communication",Intermediate,"Afternoon, Weekends, Flexible",None
User_0471,7.7,0.69,0.19,Feeling alright. Working through my tasks steadily.,Physics,"Python, Presentation, Data Analysis, Teamwork",Advanced,Afternoon,None
User_0472,2.4,0.38,-0.09,I'm feeling burnt out and emotionally drained.,Literature,"Python, Leadership",Expert,"Weekends, Morning, Night",Emotional
User_0473,9.8,0.65,0.06,Had a normal day. Nothing special to report.,Engineering,"Critical Thinking, Programming",Expert,Flexible,None
User_0474,3.3,0.41,-0.2,I don't feel motivated at all and keep withdrawing from activities.,Physics,"Writing, Presentation, Leadership, Machine Learning",Expert,"Weekends, Morning, Night",Emotional
User_0475,7.7,0.71,0.19,Today was balanced. Making good progress overall.,Computer Science,"Data Analysis, Presentation",Advanced,"Weekends, Morning",None
User_0476,2.1,0.32,-0.21,I've been struggling with anxiety and can't focus on anything.,Education,"Presentation, Python, Critical Thinking, Project Management",Expert,"Morning, Flexible",Emotional
User_0477,2.0,0.41,-0.17,Today was hard. I felt very lonely and couldn't concentrate.,Data Science,"Writing, Problem Solving, Research",Intermediate,"Morning, Night, Afternoon",Emotional
User_0478,5.2,0.44,0.02,I need someone to inspire me and keep me on track.,Computer Science,"Problem Solving, Time Management",Beginner,"Night, Weekends",Motivational
User_0479,6.3,0.96,0.06,Had a normal day. Nothing special to report.,Education,"Programming, Project Management, Presentation, Statistics",Beginner,Night,None
User_0480,1.9,0.44,-0.16,I've been struggling with anxiety and can't focus on anything.,Psychology,"Statistics, Presentation, Writing, Leadership",Beginner,Afternoon,Emotional
User_0481,9.5,0.69,0.19,Doing well. Staying on track with my goals.,Business,"Leadership, Presentation, Project Management, Python, Communication",Beginner,Morning,None
User_0482,7.8,0.83,0.18,Everything is fine. Learning and growing steadily.,Education,"Project Management, Time Management, Programming, Problem Solving",Expert,"Weekends, Flexible",None
User_0483,4.4,0.48,-0.13,I need help organizing my study plan and understanding the material.,Biology,"Leadership, Problem Solving, Communication",Advanced,Afternoon,Academic
User_0484,4.1,0.36,-0.12,I need someone to inspire me and keep me on track.,Psychology,"Teamwork, Presentation, Time Management",Beginner,"Afternoon, Flexible, Weekends",Motivational
User_0485,5.1,0.59,-0.04,I lack the energy to begin my tasks even though I understand them.,Psychology,"Critical Thinking, Presentation, Python",Advanced,"Evening, Flexible, Afternoon",Motivational
User_0486,2.9,0.2,-0.08,I've been struggling with anxiety and can't focus on anything.,Literature,"Programming, Writing, Leadership, Problem Solving, Teamwork",Advanced,Flexible,Emotional
User_0487,7.2,0.76,0.17,Things are manageable. Looking forward to improving more.,Business,"Presentation, Leadership",Beginner,Afternoon,None
User_0488,4.1,0.44,-0.06,I lack the energy to begin my tasks even though I understand them.,Mathematics,"Python, Machine Learning, Project Management, Research",Intermediate,"Weekends, Afternoon, Evening",Motivational
User_0489,7.5,0.75,0.06,Doing well. Staying on track with my goals.,Engineering,"Problem Solving, Machine Learning, Teamwork, Critical Thinking, Python",Expert,"Evening, Night, Afternoon",None
User_0490,4.7,0.53,0.04,I need a push to stay consistent with my goals.,Physics,"Research, Presentation",Expert,"Flexible, Night",Motivational
User_0491,6.3,0.98,0.15,Had a normal day. Nothing special to report.,Psychology,"Writing, Research",Advanced,"Night, Weekends",None
User_0492,3.5,0.2,-0.18,I'm really stressed and feeling disconnected from everyone.,Literature,"Data Analysis, Writing, Critical Thinking, Leadership",Intermediate,"Weekends, Afternoon, Flexible",Emotional
User_0493,5.6,0.56,-0.07,I have the knowledge but struggle with execution and drive.,Physics,"Research, Python, Programming, Teamwork, Writing",Beginner,"Evening, Night",Motivational
User_0494,5.2,0.35,-0.08,I don't understand how to approach the research methodology.,Computer Science,"Programming, Communication",Advanced,"Morning, Weekends",Academic
User_0495,1.4,0.26,-0.13,I don't feel motivated at all and keep withdrawing from activities.,Business,"Teamwork, Communication",Beginner,Weekends,Emotional
User_0496,5.1,0.48,-0.15,I need help organizing my study plan and understanding the material.,Computer Science,"Problem Solving, Data Analysis, Project Management, Time Management",Advanced,Evening,Academic
User_0497,2.6,0.22,-0.26,I've been struggling with anxiety and can't focus on anything.,Education,"Critical Thinking, Problem Solving, Teamwork",Beginner,"Evening, Flexible, Weekends",Emotional
User_0498,6.1,0.53,-0.04,I lack the energy to begin my tasks even though I understand them.,Business,"Data Analysis, Problem Solving, Writing, Statistics, Research",Intermediate,Weekends,Motivational
User_0499,7.4,0.88,0.03,Things are manageable. Looking forward to improving more.,Physics,"Statistics, Teamwork",Expert,Morning,None
User_0500,5.7,0.36,-0.11,I lack the energy to begin my tasks even though I understand them.,Psychology,"Python, Presentation, Statistics, Research",Intermediate,Flexible,Motivational
