"UserID","Mood","Engagement","PrevEngagement","Reflection","Domain","Skills","Availability","ExperienceLevel","Profile"
"User_001","4","0.62","0.48","My performance was moderate. I need to push a bit more.","Biology","Machine Learning|Statistics|Mentoring","Weekends|Morning|Flexible","Expert","neutral"
"User_002","8","0.83","0.92","I feel confident and ready to tackle the challenges ahead.","Data Science","Machine Learning|Mentoring|Public Speaking","Night|Afternoon|Flexible","Advanced","positive"
"User_003","8","0.89","0.77","Things are going well. I feel supported and engaged.","Mathematics","Leadership|Mathematics|Communication","Morning","Expert","positive"
"User_004","3","0.37","0.47","I am frustrated and feel like giving up on my goals.","Data Science","Public Speaking|Critical Thinking","Weekends","Advanced","negative"
"User_005","6","0.57","0.53","I completed the work but did not feel particularly engaged.","Computer Science","Mathematics|Research|Statistics","Flexible","Beginner","neutral"
"User_006","6","0.45","0.35","I managed my tasks but my focus was slightly off.","Biology","Machine Learning|Mentoring|Project Management|Statistics","Weekdays|Afternoon|Weekends","Intermediate","neutral"
"User_007","5","0.61","0.73","It was an average day. Nothing special happened.","Biology","Mathematics|Communication","Evening|Morning","Intermediate","neutral"
"User_008","6","0.46","0.58","Today was fine but I could be more productive.","Education","Writing|Research|Public Speaking|Leadership|Data Analysis","Evening|Weekdays|Weekends","Expert","neutral"
"User_009","5","0.7","0.67","I am okay but could use some guidance on next steps.","Data Science","Statistics|Mathematics|Python|Public Speaking|Writing","Afternoon|Weekdays|Night","Beginner","neutral"
"User_010","7","0.56","0.41","It was an average day. Nothing special happened.","Psychology","Mathematics|Mentoring|Communication|Statistics","Night|Afternoon","Expert","neutral"
"User_011","3","0.44","0.34","I have been withdrawing from group activities lately.","Data Science","Project Management|Mentoring","Flexible|Weekdays","Intermediate","negative"
"User_012","1","0.29","0.4","I am frustrated and feel like giving up on my goals.","Computer Science","Public Speaking|Communication","Afternoon|Morning","Intermediate","negative"
"User_013","1","0.34","0.48","I am struggling with the coursework and feel lost.","Data Science","Writing|Mentoring|Problem Solving","Afternoon|Evening|Weekends","Expert","negative"
"User_014","2","0.34","0.2","I cannot understand the material no matter how hard I try.","Business","Public Speaking|Data Analysis|Problem Solving|Statistics|Leadership","Morning","Advanced","negative"
"User_015","5","0.4","0.33","It was an average day. Nothing special happened.","Biology","Public Speaking|Python","Morning|Weekends","Intermediate","neutral"
"User_016","5","0.62","0.61","Today was fine but I could be more productive.","Biology","Mathematics|Critical Thinking|Leadership|Statistics|Machine Learning","Night|Evening|Flexible","Expert","neutral"
"User_017","1","0.07","0.0","I feel isolated and disconnected from my peers.","Psychology","Leadership|Public Speaking|Data Analysis","Afternoon|Night","Intermediate","negative"
"User_018","7","0.81","0.81","Today was productive; I understood the material clearly.","Computer Science","Statistics|Mathematics","Afternoon","Expert","positive"
"User_019","10","0.97","0.87","I am motivated and looking forward to collaborating with others.","Education","Critical Thinking|Research","Evening|Night","Expert","positive"
"User_020","7","0.85","0.72","I feel confident and ready to tackle the challenges ahead.","Business","Python|Teaching","Weekends|Flexible","Intermediate","positive"
"User_021","5","0.42","0.4","I completed the work but did not feel particularly engaged.","Biology","Statistics|Teaching|Leadership|Project Management|Machine Learning","Weekends","Beginner","neutral"
"User_022","6","0.68","0.81","My performance was moderate. I need to push a bit more.","Business","Research|Critical Thinking|Writing","Weekdays|Evening|Night","Advanced","neutral"
"User_023","1","0.23","0.34","I feel hopeless about my academic performance.","Psychology","Data Analysis|Leadership","Evening|Afternoon|Flexible","Beginner","negative"
"User_024","5","0.53","0.46","I felt neither excited nor stressed today.","Literature","Mentoring|Project Management","Evening|Weekdays|Morning","Intermediate","neutral"
"User_025","2","0.16","0.2","I feel hopeless about my academic performance.","Biology","Leadership|Mentoring|Project Management|Research","Night|Evening|Morning","Beginner","negative"
"User_026","1","0.05","0.0","I have been withdrawing from group activities lately.","Mathematics","Machine Learning|Problem Solving|Data Analysis","Night|Weekends|Morning","Beginner","negative"
"User_027","2","0.27","0.18","I feel isolated and disconnected from my peers.","Literature","Critical Thinking|Writing|Python","Evening|Morning","Advanced","negative"
"User_028","7","0.77","0.67","I enjoyed the session and learned a lot of new concepts.","Literature","Public Speaking|Leadership|Writing","Night","Beginner","positive"
"User_029","4","0.37","0.29","I feel anxious and unable to keep up with assignments.","Mathematics","Mathematics|Machine Learning|Statistics","Flexible|Morning","Expert","negative"
"User_030","4","0.19","0.33","I feel anxious and unable to keep up with assignments.","Biology","Mentoring|Leadership","Evening|Flexible","Beginner","negative"
"User_031","10","0.89","0.75","Things are going well. I feel supported and engaged.","Computer Science","Public Speaking|Research","Weekends","Advanced","positive"
"User_032","6","0.62","0.68","I managed my tasks but my focus was slightly off.","Education","Critical Thinking|Teaching","Evening","Beginner","neutral"
"User_033","8","0.78","0.73","Today was productive; I understood the material clearly.","Business","Mentoring|Project Management|Statistics|Machine Learning","Weekends|Evening","Expert","positive"
"User_034","2","0.13","0.12","I cannot understand the material no matter how hard I try.","Engineering","Critical Thinking|Data Analysis|Python|Research","Afternoon|Night","Advanced","negative"
"User_035","5","0.55","0.47","I am okay but could use some guidance on next steps.","Psychology","Data Analysis|Mentoring|Project Management|Teaching","Morning|Afternoon","Advanced","neutral"
"User_036","7","0.67","0.64","My energy is high and I feel positive about my goals.","Literature","Problem Solving|Critical Thinking","Weekends|Afternoon|Night","Expert","positive"
"User_037","7","0.96","1.0","Today was productive; I understood the material clearly.","Education","Writing|Mathematics|Machine Learning","Night|Morning|Weekends","Intermediate","positive"
"User_038","8","0.93","1.0","Things are going well. I feel supported and engaged.","Physics","Project Management|Data Analysis|Problem Solving|Writing|Mathematics","Evening|Afternoon","Advanced","positive"
"User_039","5","0.48","0.44","I completed the work but did not feel particularly engaged.","Mathematics","Research|Communication|Project Management","Morning|Afternoon|Weekdays","Intermediate","neutral"
"User_040","8","0.67","0.66","I enjoyed the session and learned a lot of new concepts.","Business","Critical Thinking|Python|Leadership|Public Speaking|Machine Learning","Weekdays|Morning|Weekends","Expert","positive"
"User_041","3","0.35","0.3","I cannot understand the material no matter how hard I try.","Data Science","Problem Solving|Leadership|Research","Night|Morning","Expert","negative"
"User_042","4","0.34","0.38","I am frustrated and feel like giving up on my goals.","Engineering","Public Speaking|Critical Thinking","Weekends|Weekdays|Morning","Beginner","negative"
"User_043","10","0.71","0.81","I am enthusiastic about my progress this week.","Education","Leadership|Problem Solving|Communication|Mathematics","Evening|Night","Advanced","positive"
"User_044","4","0.7","0.83","I managed my tasks but my focus was slightly off.","Biology","Mathematics|Mentoring","Flexible","Beginner","neutral"
"User_045","7","0.87","0.95","I completed my tasks and feel accomplished today.","Engineering","Mentoring|Statistics|Teaching|Leadership|Problem Solving","Evening|Flexible|Afternoon","Beginner","positive"
"User_046","9","0.69","0.75","I feel confident and ready to tackle the challenges ahead.","Mathematics","Critical Thinking|Machine Learning|Leadership|Statistics|Teaching","Flexible|Weekdays|Afternoon","Beginner","positive"
"User_047","7","0.93","0.81","I feel confident and ready to tackle the challenges ahead.","Business","Mentoring|Communication|Statistics|Data Analysis|Public Speaking","Morning|Night","Expert","positive"
"User_048","4","0.33","0.28","I cannot understand the material no matter how hard I try.","Engineering","Teaching|Mathematics|Data Analysis|Problem Solving","Night|Weekdays","Advanced","negative"
"User_049","7","0.75","0.65","My energy is high and I feel positive about my goals.","Biology","Teaching|Public Speaking|Mentoring|Critical Thinking|Communication","Night","Advanced","positive"
"User_050","9","0.77","0.77","I am enthusiastic about my progress this week.","Data Science","Data Analysis|Leadership","Afternoon","Expert","positive"
"User_051","4","0.31","0.25","I am frustrated and feel like giving up on my goals.","Physics","Statistics|Research","Night","Intermediate","negative"
"User_052","7","0.57","0.64","I managed my tasks but my focus was slightly off.","Education","Communication|Machine Learning|Problem Solving|Research","Evening|Afternoon","Beginner","neutral"
"User_053","8","0.72","0.66","My energy is high and I feel positive about my goals.","Mathematics","Statistics|Project Management|Leadership|Research","Evening","Intermediate","positive"
"User_054","2","0.16","0.18","I feel overwhelmed and cannot focus on anything.","Data Science","Machine Learning|Writing|Mentoring|Problem Solving","Flexible","Beginner","negative"
"User_055","7","0.5","0.4","It was an average day. Nothing special happened.","Mathematics","Statistics|Project Management|Public Speaking|Critical Thinking|Problem Solving","Weekends","Beginner","neutral"
"User_056","3","0.08","0.19","I feel anxious and unable to keep up with assignments.","Psychology","Teaching|Public Speaking|Mathematics|Project Management|Leadership","Night|Flexible|Weekdays","Advanced","negative"
"User_057","3","0.28","0.2","I feel overwhelmed and cannot focus on anything.","Literature","Mathematics|Leadership","Afternoon|Evening|Morning","Intermediate","negative"
"User_058","5","0.4","0.53","Today was fine but I could be more productive.","Literature","Research|Python|Leadership|Public Speaking|Machine Learning","Flexible|Night|Morning","Intermediate","neutral"
"User_059","2","0.22","0.31","I have been absent from sessions due to low energy.","Biology","Public Speaking|Research|Writing","Morning","Intermediate","negative"
"User_060","6","0.53","0.65","Today was fine but I could be more productive.","Mathematics","Research|Data Analysis|Project Management|Problem Solving|Machine Learning","Weekends","Beginner","neutral"
"User_061","3","0.06","0.05","I feel anxious and unable to keep up with assignments.","Literature","Mathematics|Mentoring","Weekends|Morning","Intermediate","negative"
"User_062","3","0.12","0.07","I feel hopeless about my academic performance.","Education","Statistics|Problem Solving|Communication|Critical Thinking|Mathematics","Weekdays|Morning","Intermediate","negative"
"User_063","3","0.32","0.46","I cannot understand the material no matter how hard I try.","Data Science","Problem Solving|Statistics","Evening|Flexible","Beginner","negative"
"User_064","4","0.6","0.68","Today was fine but I could be more productive.","Education","Leadership|Data Analysis","Weekends|Night","Expert","neutral"
"User_065","8","0.97","0.99","My energy is high and I feel positive about my goals.","Physics","Python|Mentoring","Flexible|Afternoon|Weekdays","Advanced","positive"
"User_066","4","0.47","0.47","I completed the work but did not feel particularly engaged.","Physics","Mentoring|Project Management","Night","Advanced","neutral"
"User_067","10","0.99","1.0","I completed my tasks and feel accomplished today.","Physics","Critical Thinking|Leadership|Teaching","Weekdays|Afternoon|Morning","Advanced","positive"
"User_068","3","0.42","0.53","I have been absent from sessions due to low energy.","Mathematics","Research|Machine Learning","Flexible|Weekends","Expert","negative"
"User_069","7","0.5","0.45","I am unsure about some concepts and need clarity.","Physics","Project Management|Leadership|Machine Learning|Public Speaking","Night|Afternoon|Flexible","Beginner","neutral"
"User_070","7","0.52","0.53","I am okay but could use some guidance on next steps.","Physics","Writing|Data Analysis","Evening|Morning|Night","Beginner","neutral"
"User_071","5","0.52","0.66","I am okay but could use some guidance on next steps.","Psychology","Mathematics|Research|Communication|Teaching|Critical Thinking","Morning|Evening|Weekends","Expert","neutral"
"User_072","7","0.66","0.8","It was an average day. Nothing special happened.","Literature","Leadership|Mentoring","Evening|Afternoon|Morning","Expert","neutral"
"User_073","1","0.23","0.19","I am exhausted and demotivated. Nothing seems to work.","Computer Science","Communication|Mathematics","Evening","Advanced","negative"
"User_074","10","0.85","0.77","I am motivated and looking forward to collaborating with others.","Engineering","Statistics|Teaching|Critical Thinking","Weekdays|Afternoon|Night","Intermediate","positive"
"User_075","7","0.48","0.52","It was an average day. Nothing special happened.","Physics","Mentoring|Data Analysis|Writing|Statistics","Evening|Weekends","Advanced","neutral"
"User_076","6","0.54","0.4","I felt neither excited nor stressed today.","Biology","Project Management|Problem Solving|Statistics|Leadership|Critical Thinking","Evening|Weekends|Flexible","Advanced","neutral"
"User_077","4","0.16","0.2","I feel hopeless about my academic performance.","Computer Science","Project Management|Research|Mathematics|Leadership|Teaching","Afternoon|Weekdays","Intermediate","negative"
"User_078","2","0.3","0.37","I feel overwhelmed and cannot focus on anything.","Mathematics","Python|Teaching|Communication|Machine Learning|Writing","Evening","Advanced","negative"
"User_079","8","0.93","0.92","Things are going well. I feel supported and engaged.","Data Science","Project Management|Writing|Research|Problem Solving","Weekdays|Evening","Beginner","positive"
"User_080","8","0.95","0.91","I enjoyed the session and learned a lot of new concepts.","Data Science","Statistics|Mathematics|Critical Thinking|Python","Weekends|Morning","Expert","positive"
"User_081","3","0.28","0.32","I feel isolated and disconnected from my peers.","Psychology","Problem Solving|Python|Teaching","Evening|Weekends|Afternoon","Beginner","negative"
"User_082","6","0.59","0.71","I completed the work but did not feel particularly engaged.","Engineering","Python|Research","Morning|Flexible","Intermediate","neutral"
"User_083","10","0.78","0.81","I enjoyed the session and learned a lot of new concepts.","Literature","Public Speaking|Critical Thinking|Mentoring","Flexible","Expert","positive"
"User_084","3","0.06","0.0","I feel isolated and disconnected from my peers.","Biology","Problem Solving|Leadership|Communication|Statistics|Mentoring","Weekends|Weekdays","Advanced","negative"
"User_085","7","0.98","0.9","My energy is high and I feel positive about my goals.","Psychology","Mentoring|Public Speaking|Teaching","Morning","Advanced","positive"
"User_086","8","0.67","0.6","I completed my tasks and feel accomplished today.","Literature","Project Management|Public Speaking|Leadership","Flexible|Afternoon","Beginner","positive"
"User_087","2","0.27","0.12","I have been withdrawing from group activities lately.","Psychology","Writing|Python","Flexible|Afternoon","Advanced","negative"
"User_088","8","0.91","1.0","Today was productive; I understood the material clearly.","Psychology","Problem Solving|Mathematics|Communication|Data Analysis|Teaching","Night","Intermediate","positive"
"User_089","9","0.81","0.93","I feel confident and ready to tackle the challenges ahead.","Computer Science","Project Management|Critical Thinking|Public Speaking|Mentoring|Statistics","Weekdays|Night","Beginner","positive"
"User_090","8","0.67","0.55","I am enthusiastic about my progress this week.","Literature","Critical Thinking|Teaching|Data Analysis|Research","Weekends|Flexible","Expert","positive"
"User_091","2","0.22","0.27","I feel anxious and unable to keep up with assignments.","Education","Project Management|Problem Solving|Critical Thinking|Mathematics","Morning|Evening|Night","Advanced","negative"
"User_092","5","0.61","0.68","Today was fine but I could be more productive.","Psychology","Project Management|Statistics","Night","Beginner","neutral"
"User_093","5","0.57","0.45","I managed my tasks but my focus was slightly off.","Psychology","Communication|Project Management|Mentoring|Critical Thinking|Python","Weekends|Evening","Advanced","neutral"
"User_094","5","0.6","0.7","My performance was moderate. I need to push a bit more.","Psychology","Project Management|Data Analysis|Communication|Statistics","Weekends|Afternoon","Expert","neutral"
"User_095","1","0.29","0.19","I am exhausted and demotivated. Nothing seems to work.","Computer Science","Research|Machine Learning|Mathematics","Evening|Flexible","Beginner","negative"
"User_096","10","0.67","0.74","I feel confident and ready to tackle the challenges ahead.","Psychology","Critical Thinking|Public Speaking|Problem Solving","Afternoon|Evening","Advanced","positive"
"User_097","1","0.4","0.4","I have been withdrawing from group activities lately.","Engineering","Mentoring|Statistics","Night|Weekdays","Expert","negative"
"User_098","6","0.46","0.32","I completed the work but did not feel particularly engaged.","Business","Statistics|Research|Mentoring|Mathematics|Teaching","Weekends|Weekdays","Advanced","neutral"
"User_099","4","0.4","0.47","I felt neither excited nor stressed today.","Biology","Mathematics|Research|Project Management","Morning|Flexible","Expert","neutral"
"User_100","10","0.84","0.95","I completed my tasks and feel accomplished today.","Data Science","Statistics|Critical Thinking|Machine Learning|Python","Morning|Night","Beginner","positive"
"User_101","7","0.61","0.71","I am unsure about some concepts and need clarity.","Mathematics","Critical Thinking|Python","Afternoon|Weekends","Expert","neutral"
"User_102","1","0.22","0.17","I am struggling with the coursework and feel lost.","Biology","Teaching|Critical Thinking|Data Analysis|Statistics|Project Management","Weekdays|Evening","Intermediate","negative"
"User_103","7","0.84","0.77","I completed my tasks and feel accomplished today.","Business","Machine Learning|Project Management|Mentoring|Writing","Morning","Intermediate","positive"
"User_104","8","0.92","1.0","Today was productive; I understood the material clearly.","Engineering","Problem Solving|Mathematics|Teaching|Project Management|Public Speaking","Weekends|Weekdays|Flexible","Advanced","positive"
"User_105","5","0.53","0.52","Today was fine but I could be more productive.","Physics","Mathematics|Research|Teaching|Python","Weekends|Morning","Advanced","neutral"
"User_106","9","0.94","0.89","Today was productive; I understood the material clearly.","Psychology","Problem Solving|Teaching|Data Analysis|Machine Learning|Python","Flexible|Weekends","Intermediate","positive"
"User_107","5","0.69","0.75","Today was fine but I could be more productive.","Psychology","Machine Learning|Statistics|Data Analysis|Mentoring","Morning","Intermediate","neutral"
"User_108","2","0.2","0.08","I am exhausted and demotivated. Nothing seems to work.","Education","Mathematics|Communication|Mentoring|Teaching|Python","Weekdays|Evening|Morning","Advanced","negative"
"User_109","3","0.15","0.04","I feel hopeless about my academic performance.","Engineering","Statistics|Teaching|Mentoring|Writing","Evening|Weekdays","Expert","negative"
"User_110","1","0.17","0.03","I cannot understand the material no matter how hard I try.","Business","Mentoring|Machine Learning|Project Management","Weekends|Morning|Night","Advanced","negative"
"User_111","8","0.77","0.82","My energy is high and I feel positive about my goals.","Biology","Writing|Public Speaking|Statistics","Flexible|Morning","Beginner","positive"
"User_112","2","0.29","0.26","I have been withdrawing from group activities lately.","Engineering","Project Management|Machine Learning|Mathematics","Flexible|Afternoon|Night","Beginner","negative"
"User_113","2","0.44","0.43","I feel hopeless about my academic performance.","Mathematics","Leadership|Data Analysis|Public Speaking|Research|Problem Solving","Evening","Expert","negative"
"User_114","10","0.83","0.94","I enjoyed the session and learned a lot of new concepts.","Engineering","Mathematics|Teaching|Writing","Morning|Weekdays","Expert","positive"
"User_115","4","0.61","0.71","I completed the work but did not feel particularly engaged.","Mathematics","Mathematics|Writing","Night|Weekends","Intermediate","neutral"
"User_116","8","0.94","0.8","Things are going well. I feel supported and engaged.","Computer Science","Python|Critical Thinking|Data Analysis|Communication|Leadership","Morning|Evening","Intermediate","positive"
"User_117","3","0.37","0.35","I have been withdrawing from group activities lately.","Computer Science","Public Speaking|Project Management|Problem Solving|Machine Learning","Flexible","Expert","negative"
"User_118","7","0.66","0.64","I completed my tasks and feel accomplished today.","Engineering","Statistics|Mathematics|Research|Leadership|Project Management","Morning","Intermediate","positive"
"User_119","4","0.08","0.06","I am frustrated and feel like giving up on my goals.","Literature","Mentoring|Data Analysis","Afternoon|Weekdays|Flexible","Advanced","negative"
"User_120","5","0.57","0.43","I am okay but could use some guidance on next steps.","Psychology","Statistics|Data Analysis|Project Management|Mathematics","Weekends|Morning|Night","Expert","neutral"
"User_121","6","0.48","0.37","It was an average day. Nothing special happened.","Business","Communication|Leadership","Weekdays|Flexible|Morning","Advanced","neutral"
"User_122","6","0.64","0.55","I am okay but could use some guidance on next steps.","Physics","Mentoring|Writing|Mathematics|Project Management|Statistics","Flexible|Night|Morning","Advanced","neutral"
"User_123","1","0.18","0.29","I am exhausted and demotivated. Nothing seems to work.","Data Science","Project Management|Data Analysis|Problem Solving|Research|Python","Afternoon|Evening|Weekdays","Beginner","negative"
"User_124","7","0.93","1.0","I enjoyed the session and learned a lot of new concepts.","Education","Public Speaking|Critical Thinking|Communication|Writing|Problem Solving","Night|Evening|Weekends","Advanced","positive"
"User_125","1","0.22","0.12","I have been withdrawing from group activities lately.","Data Science","Communication|Statistics|Project Management|Public Speaking","Evening|Flexible|Night","Expert","negative"
"User_126","7","0.41","0.55","I managed my tasks but my focus was slightly off.","Literature","Research|Mentoring|Mathematics|Python|Statistics","Weekdays|Night|Evening","Intermediate","neutral"
"User_127","10","0.66","0.62","Today was productive; I understood the material clearly.","Biology","Communication|Critical Thinking|Teaching|Python","Afternoon|Weekdays|Night","Advanced","positive"
"User_128","2","0.26","0.38","I cannot understand the material no matter how hard I try.","Business","Leadership|Statistics|Python|Machine Learning","Night","Expert","negative"
"User_129","9","0.9","0.89","I completed my tasks and feel accomplished today.","Literature","Machine Learning|Problem Solving|Leadership|Statistics","Flexible","Beginner","positive"
"User_130","4","0.45","0.54","I feel isolated and disconnected from my peers.","Business","Data Analysis|Public Speaking","Evening|Afternoon","Intermediate","negative"
"User_131","4","0.7","0.73","I am okay but could use some guidance on next steps.","Biology","Python|Communication|Data Analysis|Teaching|Project Management","Flexible|Weekends","Intermediate","neutral"
"User_132","9","0.79","0.78","My energy is high and I feel positive about my goals.","Data Science","Mathematics|Critical Thinking|Teaching|Statistics|Writing","Weekdays|Morning","Expert","positive"
"User_133","5","0.66","0.56","I am okay but could use some guidance on next steps.","Engineering","Data Analysis|Project Management|Python|Statistics|Public Speaking","Evening","Intermediate","neutral"
"User_134","2","0.19","0.22","I have been absent from sessions due to low energy.","Mathematics","Research|Leadership","Weekends|Evening|Afternoon","Advanced","negative"
"User_135","8","0.86","0.91","I am motivated and looking forward to collaborating with others.","Engineering","Project Management|Teaching|Python|Mathematics","Morning","Advanced","positive"
"User_136","4","0.3","0.36","I feel overwhelmed and cannot focus on anything.","Physics","Mentoring|Research|Problem Solving|Leadership","Night|Evening|Flexible","Beginner","negative"
"User_137","10","0.82","0.71","I completed my tasks and feel accomplished today.","Business","Communication|Project Management|Machine Learning","Weekdays|Evening","Expert","positive"
"User_138","4","0.5","0.61","Today was fine but I could be more productive.","Psychology","Problem Solving|Leadership|Writing|Statistics","Evening","Expert","neutral"
"User_139","5","0.64","0.52","I managed my tasks but my focus was slightly off.","Biology","Problem Solving|Data Analysis|Public Speaking","Evening|Night","Beginner","neutral"
"User_140","7","0.69","0.7","My performance was moderate. I need to push a bit more.","Literature","Python|Public Speaking|Research|Problem Solving","Flexible|Weekdays|Night","Advanced","neutral"
"User_141","4","0.1","0.0","I am exhausted and demotivated. Nothing seems to work.","Business","Communication|Python|Critical Thinking|Project Management|Teaching","Afternoon|Evening|Weekends","Advanced","negative"
"User_142","6","0.65","0.56","I completed the work but did not feel particularly engaged.","Engineering","Critical Thinking|Communication","Weekends|Evening","Intermediate","neutral"
"User_143","4","0.41","0.31","I am okay but could use some guidance on next steps.","Business","Data Analysis|Problem Solving|Writing|Teaching|Public Speaking","Evening","Advanced","neutral"
"User_144","3","0.29","0.43","I have been absent from sessions due to low energy.","Data Science","Machine Learning|Teaching|Research|Problem Solving|Python","Evening|Weekdays","Beginner","negative"
"User_145","4","0.58","0.47","I felt neither excited nor stressed today.","Literature","Machine Learning|Python|Teaching","Afternoon|Weekends","Expert","neutral"
"User_146","1","0.28","0.25","I am struggling with the coursework and feel lost.","Biology","Problem Solving|Communication","Afternoon|Night","Intermediate","negative"
"User_147","4","0.4","0.54","I feel overwhelmed and cannot focus on anything.","Engineering","Data Analysis|Communication|Mentoring","Weekends|Night","Advanced","negative"
"User_148","6","0.56","0.62","I felt neither excited nor stressed today.","Literature","Leadership|Public Speaking|Research|Data Analysis|Mathematics","Evening","Advanced","neutral"
"User_149","4","0.18","0.12","I feel isolated and disconnected from my peers.","Data Science","Research|Statistics|Teaching|Mentoring","Night|Flexible|Evening","Intermediate","negative"
"User_150","7","0.77","0.69","My energy is high and I feel positive about my goals.","Mathematics","Leadership|Public Speaking|Data Analysis|Research|Mathematics","Evening|Afternoon|Morning","Intermediate","positive"
"User_151","2","0.31","0.28","I feel overwhelmed and cannot focus on anything.","Psychology","Communication|Machine Learning|Problem Solving|Statistics|Mentoring","Morning","Intermediate","negative"
"User_152","4","0.24","0.36","I feel anxious and unable to keep up with assignments.","Mathematics","Research|Mentoring|Python|Statistics","Weekends|Afternoon|Flexible","Beginner","negative"
"User_153","8","0.98","1.0","I feel confident and ready to tackle the challenges ahead.","Education","Writing|Machine Learning|Research|Python|Project Management","Weekends|Flexible","Beginner","positive"
"User_154","10","1.0","1.0","My energy is high and I feel positive about my goals.","Engineering","Research|Leadership|Mathematics|Statistics|Communication","Weekdays","Expert","positive"
"User_155","1","0.34","0.22","I am exhausted and demotivated. Nothing seems to work.","Literature","Writing|Teaching|Mentoring","Flexible|Night","Advanced","negative"
"User_156","2","0.44","0.58","I am frustrated and feel like giving up on my goals.","Business","Python|Research|Critical Thinking","Night","Advanced","negative"
"User_157","7","0.74","0.8","Things are going well. I feel supported and engaged.","Biology","Mentoring|Statistics","Evening|Afternoon","Expert","positive"
"User_158","3","0.33","0.3","I am exhausted and demotivated. Nothing seems to work.","Business","Leadership|Writing|Problem Solving","Night","Advanced","negative"
"User_159","7","0.63","0.5","My performance was moderate. I need to push a bit more.","Biology","Data Analysis|Problem Solving","Weekdays|Evening|Morning","Beginner","neutral"
"User_160","5","0.57","0.45","I am okay but could use some guidance on next steps.","Engineering","Project Management|Data Analysis|Problem Solving|Statistics","Afternoon|Weekdays|Weekends","Expert","neutral"
"User_161","4","0.54","0.47","I am unsure about some concepts and need clarity.","Physics","Data Analysis|Problem Solving","Flexible|Evening|Morning","Expert","neutral"
"User_162","8","0.85","0.79","I feel confident and ready to tackle the challenges ahead.","Education","Machine Learning|Statistics|Data Analysis|Python","Night","Beginner","positive"
"User_163","8","0.92","0.81","I enjoyed the session and learned a lot of new concepts.","Business","Problem Solving|Project Management|Critical Thinking|Mathematics|Statistics","Weekdays|Weekends|Afternoon","Advanced","positive"
"User_164","4","0.26","0.36","I feel anxious and unable to keep up with assignments.","Computer Science","Research|Problem Solving","Weekdays|Weekends|Night","Expert","negative"
"User_165","9","0.7","0.61","I completed my tasks and feel accomplished today.","Psychology","Mathematics|Mentoring","Weekends|Morning","Intermediate","positive"
"User_166","7","0.81","0.89","I feel confident and ready to tackle the challenges ahead.","Biology","Critical Thinking|Problem Solving","Weekends","Intermediate","positive"
"User_167","2","0.25","0.4","I am exhausted and demotivated. Nothing seems to work.","Biology","Teaching|Public Speaking|Mathematics|Mentoring","Afternoon|Evening","Intermediate","negative"
"User_168","7","0.49","0.58","It was an average day. Nothing special happened.","Data Science","Mentoring|Public Speaking|Critical Thinking","Night|Morning|Evening","Expert","neutral"
"User_169","10","0.79","0.73","I am enthusiastic about my progress this week.","Education","Mathematics|Data Analysis|Problem Solving","Flexible","Intermediate","positive"
"User_170","4","0.42","0.55","I have been absent from sessions due to low energy.","Education","Data Analysis|Public Speaking|Writing|Critical Thinking|Leadership","Afternoon|Evening","Beginner","negative"
"User_171","1","0.26","0.17","I feel anxious and unable to keep up with assignments.","Computer Science","Critical Thinking|Mentoring|Teaching|Mathematics","Flexible","Beginner","negative"
"User_172","2","0.24","0.3","I feel isolated and disconnected from my peers.","Mathematics","Leadership|Public Speaking","Morning|Weekdays|Night","Intermediate","negative"
"User_173","4","0.42","0.42","I have been absent from sessions due to low energy.","Business","Critical Thinking|Problem Solving|Data Analysis|Mentoring","Evening|Flexible","Advanced","negative"
"User_174","4","0.64","0.71","Today was fine but I could be more productive.","Business","Communication|Public Speaking|Critical Thinking","Weekends","Intermediate","neutral"
"User_175","10","0.75","0.68","I completed my tasks and feel accomplished today.","Business","Critical Thinking|Teaching|Leadership","Weekends|Weekdays","Advanced","positive"
"User_176","4","0.23","0.24","I feel isolated and disconnected from my peers.","Engineering","Machine Learning|Data Analysis|Problem Solving","Weekends","Beginner","negative"
"User_177","1","0.43","0.39","I feel overwhelmed and cannot focus on anything.","Computer Science","Writing|Project Management|Mentoring|Leadership|Statistics","Afternoon|Morning|Flexible","Expert","negative"
"User_178","7","0.6","0.69","It was an average day. Nothing special happened.","Computer Science","Python|Public Speaking|Data Analysis|Machine Learning|Research","Evening|Morning|Weekends","Expert","neutral"
"User_179","1","0.42","0.51","I have been absent from sessions due to low energy.","Engineering","Leadership|Teaching|Data Analysis","Flexible|Evening","Advanced","negative"
"User_180","10","0.81","0.77","I completed my tasks and feel accomplished today.","Biology","Mentoring|Project Management|Statistics|Public Speaking","Flexible|Morning|Weekdays","Expert","positive"
"User_181","4","0.59","0.51","I am okay but could use some guidance on next steps.","Psychology","Project Management|Critical Thinking|Mentoring|Communication|Teaching","Weekends","Beginner","neutral"
"User_182","4","0.16","0.24","I am struggling with the coursework and feel lost.","Mathematics","Writing|Project Management","Morning|Afternoon","Intermediate","negative"
"User_183","4","0.42","0.51","I am exhausted and demotivated. Nothing seems to work.","Engineering","Teaching|Project Management|Critical Thinking","Weekends|Evening|Night","Intermediate","negative"
"User_184","1","0.25","0.39","I feel isolated and disconnected from my peers.","Computer Science","Critical Thinking|Leadership","Evening","Expert","negative"
"User_185","9","0.92","0.8","My energy is high and I feel positive about my goals.","Physics","Communication|Data Analysis|Critical Thinking","Afternoon|Weekdays","Expert","positive"
"User_186","5","0.61","0.57","I completed the work but did not feel particularly engaged.","Mathematics","Critical Thinking|Machine Learning|Mathematics","Afternoon|Weekdays|Night","Advanced","neutral"
"User_187","9","0.81","0.69","I am enthusiastic about my progress this week.","Psychology","Statistics|Writing|Critical Thinking","Weekends|Flexible","Expert","positive"
"User_188","7","0.86","0.88","Things are going well. I feel supported and engaged.","Education","Research|Critical Thinking","Flexible|Morning","Intermediate","positive"
"User_189","10","0.71","0.71","I am enthusiastic about my progress this week.","Mathematics","Problem Solving|Writing|Statistics|Project Management","Evening|Night","Advanced","positive"
"User_190","9","0.98","1.0","My energy is high and I feel positive about my goals.","Literature","Problem Solving|Statistics|Writing","Morning|Night","Advanced","positive"
"User_191","6","0.53","0.67","I am unsure about some concepts and need clarity.","Literature","Research|Communication|Teaching","Afternoon|Night|Evening","Intermediate","neutral"
"User_192","3","0.34","0.37","I am frustrated and feel like giving up on my goals.","Literature","Communication|Critical Thinking|Research","Evening|Morning","Intermediate","negative"
"User_193","4","0.69","0.62","Today was fine but I could be more productive.","Biology","Mathematics|Research|Machine Learning|Statistics|Critical Thinking","Night|Afternoon|Evening","Intermediate","neutral"
"User_194","10","0.93","0.81","Today was productive; I understood the material clearly.","Physics","Teaching|Critical Thinking|Data Analysis|Mathematics|Project Management","Morning|Evening|Weekends","Beginner","positive"
"User_195","9","0.71","0.63","I feel confident and ready to tackle the challenges ahead.","Literature","Mathematics|Communication|Public Speaking|Critical Thinking|Statistics","Morning","Advanced","positive"
"User_196","2","0.23","0.36","I cannot understand the material no matter how hard I try.","Physics","Communication|Python|Problem Solving","Evening","Expert","negative"
"User_197","8","0.77","0.72","Things are going well. I feel supported and engaged.","Physics","Data Analysis|Problem Solving|Communication","Morning|Night","Expert","positive"
"User_198","7","0.66","0.68","Things are going well. I feel supported and engaged.","Psychology","Public Speaking|Machine Learning|Leadership","Afternoon|Weekends|Flexible","Advanced","positive"
"User_199","2","0.37","0.22","I have been withdrawing from group activities lately.","Engineering","Critical Thinking|Python|Machine Learning|Teaching|Leadership","Weekends|Night","Expert","negative"
"User_200","9","0.91","0.9","Today was productive; I understood the material clearly.","Literature","Mathematics|Project Management","Afternoon|Evening|Weekdays","Intermediate","positive"
"User_201","10","0.83","0.92","Things are going well. I feel supported and engaged.","Literature","Teaching|Critical Thinking|Public Speaking|Statistics|Communication","Flexible|Night","Intermediate","positive"
"User_202","3","0.42","0.48","I feel hopeless about my academic performance.","Psychology","Communication|Statistics|Leadership","Morning|Afternoon","Advanced","negative"
"User_203","7","0.58","0.58","I am unsure about some concepts and need clarity.","Education","Problem Solving|Mentoring|Data Analysis","Weekdays|Afternoon|Weekends","Intermediate","neutral"
"User_204","9","0.94","1.0","I feel confident and ready to tackle the challenges ahead.","Business","Problem Solving|Writing","Flexible","Expert","positive"
"User_205","7","0.52","0.45","Today was fine but I could be more productive.","Education","Problem Solving|Writing|Statistics|Teaching|Python","Evening","Beginner","neutral"
"User_206","5","0.63","0.64","Today was fine but I could be more productive.","Data Science","Teaching|Statistics","Flexible|Weekends","Advanced","neutral"
"User_207","4","0.27","0.25","I cannot understand the material no matter how hard I try.","Psychology","Research|Project Management|Python","Evening|Flexible","Beginner","negative"
"User_208","2","0.13","0.14","I feel hopeless about my academic performance.","Business","Writing|Teaching|Public Speaking|Leadership|Machine Learning","Weekends","Advanced","negative"
"User_209","5","0.5","0.63","I felt neither excited nor stressed today.","Mathematics","Project Management|Data Analysis|Mentoring|Statistics","Flexible","Expert","neutral"
"User_210","2","0.33","0.37","I have been withdrawing from group activities lately.","Biology","Machine Learning|Communication|Leadership","Night|Flexible|Afternoon","Advanced","negative"
"User_211","4","0.59","0.66","I completed the work but did not feel particularly engaged.","Education","Machine Learning|Communication|Problem Solving|Mathematics","Weekends|Morning","Beginner","neutral"
"User_212","6","0.66","0.68","I am unsure about some concepts and need clarity.","Biology","Project Management|Leadership|Problem Solving|Research|Communication","Evening|Weekends","Intermediate","neutral"
"User_213","6","0.67","0.65","It was an average day. Nothing special happened.","Computer Science","Mentoring|Mathematics","Morning|Flexible","Intermediate","neutral"
"User_214","10","0.72","0.77","I am motivated and looking forward to collaborating with others.","Mathematics","Project Management|Research|Statistics","Evening|Flexible|Morning","Advanced","positive"
"User_215","4","0.52","0.41","I felt neither excited nor stressed today.","Biology","Mentoring|Statistics|Machine Learning|Project Management|Python","Night","Beginner","neutral"
"User_216","10","0.65","0.53","Things are going well. I feel supported and engaged.","Psychology","Machine Learning|Writing|Problem Solving|Statistics|Leadership","Morning|Weekdays","Beginner","positive"
"User_217","6","0.44","0.42","I am okay but could use some guidance on next steps.","Engineering","Data Analysis|Teaching","Weekends","Intermediate","neutral"
"User_218","2","0.42","0.38","I feel hopeless about my academic performance.","Physics","Statistics|Public Speaking|Writing","Weekends","Expert","negative"
"User_219","5","0.47","0.54","I completed the work but did not feel particularly engaged.","Biology","Mathematics|Machine Learning|Python|Mentoring","Afternoon|Weekends","Intermediate","neutral"
"User_220","7","0.92","1.0","I completed my tasks and feel accomplished today.","Physics","Statistics|Leadership|Problem Solving|Mentoring|Teaching","Weekends","Beginner","positive"
"User_221","2","0.2","0.05","I feel hopeless about my academic performance.","Education","Data Analysis|Mentoring|Writing|Problem Solving","Morning","Beginner","negative"
"User_222","7","0.98","1.0","I enjoyed the session and learned a lot of new concepts.","Data Science","Mentoring|Machine Learning|Data Analysis|Critical Thinking","Weekdays|Night","Beginner","positive"
"User_223","5","0.48","0.42","I felt neither excited nor stressed today.","Psychology","Mathematics|Writing|Data Analysis","Night|Weekends","Beginner","neutral"
"User_224","5","0.42","0.27","I completed the work but did not feel particularly engaged.","Education","Problem Solving|Teaching","Morning|Evening|Afternoon","Beginner","neutral"
"User_225","7","0.71","0.66","Things are going well. I feel supported and engaged.","Data Science","Writing|Communication|Public Speaking|Machine Learning","Weekdays|Morning","Beginner","positive"
"User_226","4","0.48","0.41","I completed the work but did not feel particularly engaged.","Physics","Data Analysis|Communication|Python|Problem Solving|Teaching","Evening","Intermediate","neutral"
"User_227","7","0.73","0.63","I feel confident and ready to tackle the challenges ahead.","Computer Science","Leadership|Python","Evening|Night","Intermediate","positive"
"User_228","1","0.27","0.16","I cannot understand the material no matter how hard I try.","Biology","Leadership|Critical Thinking|Machine Learning|Communication","Flexible|Morning","Advanced","negative"
"User_229","1","0.12","0.0","I have been absent from sessions due to low energy.","Computer Science","Statistics|Problem Solving|Research|Mathematics|Communication","Weekends","Expert","negative"
"User_230","9","0.91","1.0","I completed my tasks and feel accomplished today.","Physics","Teaching|Problem Solving|Mathematics|Leadership","Weekends|Afternoon|Weekdays","Beginner","positive"
"User_231","9","0.87","0.75","I feel confident and ready to tackle the challenges ahead.","Business","Mathematics|Mentoring","Flexible|Weekdays","Advanced","positive"
"User_232","5","0.53","0.67","It was an average day. Nothing special happened.","Engineering","Statistics|Python|Leadership|Data Analysis","Weekdays|Evening","Expert","neutral"
"User_233","7","0.83","0.76","I enjoyed the session and learned a lot of new concepts.","Psychology","Critical Thinking|Mentoring","Afternoon","Advanced","positive"
"User_234","10","0.9","0.88","Things are going well. I feel supported and engaged.","Business","Research|Leadership|Statistics|Project Management|Writing","Morning|Afternoon|Flexible","Intermediate","positive"
"User_235","7","0.84","0.94","I completed my tasks and feel accomplished today.","Physics","Problem Solving|Research|Statistics|Mathematics","Flexible","Advanced","positive"
"User_236","1","0.14","0.19","I feel isolated and disconnected from my peers.","Engineering","Machine Learning|Leadership","Night|Weekends","Beginner","negative"
"User_237","8","0.66","0.53","I enjoyed the session and learned a lot of new concepts.","Physics","Statistics|Problem Solving|Public Speaking","Morning","Beginner","positive"
"User_238","2","0.1","0.25","I cannot understand the material no matter how hard I try.","Business","Teaching|Public Speaking","Flexible|Morning","Beginner","negative"
"User_239","10","0.93","1.0","Today was productive; I understood the material clearly.","Business","Python|Problem Solving","Afternoon","Expert","positive"
"User_240","4","0.51","0.55","I am unsure about some concepts and need clarity.","Engineering","Leadership|Writing|Research|Mathematics","Afternoon|Morning","Intermediate","neutral"
"User_241","7","0.42","0.57","I felt neither excited nor stressed today.","Education","Critical Thinking|Leadership|Mentoring","Afternoon|Weekdays|Weekends","Beginner","neutral"
"User_242","3","0.24","0.36","I am frustrated and feel like giving up on my goals.","Business","Critical Thinking|Research|Writing|Python","Weekends|Afternoon","Beginner","negative"
"User_243","1","0.37","0.3","I am frustrated and feel like giving up on my goals.","Data Science","Mathematics|Teaching|Leadership|Writing","Afternoon","Intermediate","negative"
"User_244","1","0.36","0.42","I feel anxious and unable to keep up with assignments.","Literature","Communication|Project Management|Writing|Mathematics|Leadership","Evening|Weekdays|Flexible","Beginner","negative"
"User_245","5","0.57","0.43","My performance was moderate. I need to push a bit more.","Physics","Writing|Problem Solving|Python|Statistics","Afternoon","Intermediate","neutral"
"User_246","6","0.68","0.71","My performance was moderate. I need to push a bit more.","Engineering","Machine Learning|Writing|Mathematics|Communication","Morning","Intermediate","neutral"
"User_247","1","0.39","0.34","I feel isolated and disconnected from my peers.","Psychology","Machine Learning|Mentoring|Critical Thinking|Teaching","Evening","Advanced","negative"
"User_248","4","0.37","0.33","I am frustrated and feel like giving up on my goals.","Business","Machine Learning|Data Analysis|Public Speaking","Flexible|Evening|Afternoon","Intermediate","negative"
"User_249","3","0.1","0.23","I feel overwhelmed and cannot focus on anything.","Literature","Project Management|Mathematics|Teaching|Python|Writing","Evening|Weekends|Afternoon","Beginner","negative"
"User_250","7","0.73","0.58","Things are going well. I feel supported and engaged.","Engineering","Project Management|Machine Learning","Weekdays|Flexible|Evening","Expert","positive"
"User_251","7","0.77","0.88","Today was productive; I understood the material clearly.","Computer Science","Critical Thinking|Problem Solving","Night|Afternoon|Flexible","Expert","positive"
"User_252","7","0.43","0.38","Today was fine but I could be more productive.","Literature","Writing|Problem Solving|Statistics","Evening","Beginner","neutral"
"User_253","1","0.19","0.25","I cannot understand the material no matter how hard I try.","Engineering","Data Analysis|Statistics","Weekends|Flexible","Expert","negative"
"User_254","5","0.58","0.64","I am unsure about some concepts and need clarity.","Engineering","Statistics|Communication","Afternoon","Expert","neutral"
"User_255","3","0.31","0.27","I am exhausted and demotivated. Nothing seems to work.","Biology","Python|Critical Thinking","Weekends|Night|Afternoon","Beginner","negative"
"User_256","6","0.65","0.79","Today was fine but I could be more productive.","Biology","Python|Leadership","Weekdays","Advanced","neutral"
"User_257","4","0.49","0.45","I am unsure about some concepts and need clarity.","Physics","Public Speaking|Mentoring|Research|Statistics|Project Management","Night|Afternoon|Evening","Expert","neutral"
"User_258","6","0.53","0.67","I felt neither excited nor stressed today.","Biology","Teaching|Python|Writing|Machine Learning","Morning|Flexible|Evening","Expert","neutral"
"User_259","4","0.65","0.65","I am unsure about some concepts and need clarity.","Data Science","Teaching|Leadership|Problem Solving|Research|Statistics","Flexible|Weekdays","Beginner","neutral"
"User_260","2","0.1","0.0","I am frustrated and feel like giving up on my goals.","Engineering","Leadership|Mathematics|Public Speaking","Morning","Expert","negative"
"User_261","2","0.45","0.47","I have been withdrawing from group activities lately.","Literature","Communication|Machine Learning|Mathematics|Statistics","Night","Expert","negative"
"User_262","4","0.42","0.51","I feel overwhelmed and cannot focus on anything.","Literature","Statistics|Critical Thinking|Writing|Mathematics|Teaching","Weekends|Morning|Weekdays","Beginner","negative"
"User_263","3","0.4","0.26","I am exhausted and demotivated. Nothing seems to work.","Education","Teaching|Public Speaking|Problem Solving|Python|Writing","Night|Afternoon","Expert","negative"
"User_264","3","0.33","0.44","I feel overwhelmed and cannot focus on anything.","Physics","Public Speaking|Communication|Python|Project Management","Evening|Flexible","Expert","negative"
"User_265","2","0.1","0.01","I am frustrated and feel like giving up on my goals.","Business","Machine Learning|Critical Thinking|Teaching|Mentoring","Afternoon","Expert","negative"
"User_266","4","0.35","0.25","I feel isolated and disconnected from my peers.","Computer Science","Statistics|Research|Machine Learning","Night|Afternoon|Weekends","Beginner","negative"
"User_267","2","0.38","0.42","I feel anxious and unable to keep up with assignments.","Computer Science","Python|Communication|Machine Learning|Leadership|Research","Flexible|Night","Expert","negative"
"User_268","7","0.73","0.8","My energy is high and I feel positive about my goals.","Literature","Writing|Project Management|Problem Solving|Teaching|Data Analysis","Evening|Afternoon","Advanced","positive"
"User_269","3","0.06","0.0","I feel overwhelmed and cannot focus on anything.","Engineering","Project Management|Leadership|Mentoring","Weekdays","Intermediate","negative"
"User_270","4","0.66","0.69","It was an average day. Nothing special happened.","Physics","Mentoring|Writing|Teaching","Afternoon","Advanced","neutral"
"User_271","3","0.22","0.07","I cannot understand the material no matter how hard I try.","Business","Research|Leadership|Problem Solving|Public Speaking|Mentoring","Flexible|Weekends|Night","Beginner","negative"
"User_272","3","0.27","0.31","I feel hopeless about my academic performance.","Literature","Research|Mentoring|Statistics|Problem Solving","Evening","Advanced","negative"
"User_273","3","0.31","0.36","I am exhausted and demotivated. Nothing seems to work.","Biology","Data Analysis|Mathematics|Leadership","Flexible","Expert","negative"
"User_274","1","0.31","0.37","I am exhausted and demotivated. Nothing seems to work.","Mathematics","Critical Thinking|Public Speaking|Machine Learning|Python|Teaching","Weekends|Afternoon|Evening","Intermediate","negative"
"User_275","7","0.67","0.66","I managed my tasks but my focus was slightly off.","Data Science","Project Management|Writing|Mentoring|Data Analysis","Evening","Beginner","neutral"
"User_276","2","0.43","0.36","I feel isolated and disconnected from my peers.","Psychology","Communication|Leadership|Machine Learning","Night|Evening","Advanced","negative"
"User_277","7","0.81","0.68","Today was productive; I understood the material clearly.","Physics","Data Analysis|Statistics|Mentoring","Weekends|Evening","Expert","positive"
"User_278","2","0.45","0.39","I feel isolated and disconnected from my peers.","Education","Writing|Communication|Machine Learning|Public Speaking|Statistics","Evening|Weekdays","Intermediate","negative"
"User_279","10","0.75","0.79","I am motivated and looking forward to collaborating with others.","Literature","Problem Solving|Mathematics|Project Management","Afternoon","Expert","positive"
"User_280","7","0.51","0.37","It was an average day. Nothing special happened.","Data Science","Machine Learning|Communication|Python","Flexible|Weekends","Intermediate","neutral"
"User_281","8","0.73","0.67","Things are going well. I feel supported and engaged.","Mathematics","Statistics|Critical Thinking|Data Analysis","Evening|Afternoon|Morning","Beginner","positive"
"User_282","9","0.8","0.87","I am motivated and looking forward to collaborating with others.","Business","Communication|Mathematics|Leadership|Writing|Critical Thinking","Afternoon","Intermediate","positive"
"User_283","7","0.86","0.89","I am motivated and looking forward to collaborating with others.","Psychology","Machine Learning|Mentoring|Mathematics|Python","Weekdays|Evening","Beginner","positive"
"User_284","7","0.88","0.87","I feel confident and ready to tackle the challenges ahead.","Computer Science","Critical Thinking|Problem Solving","Morning|Weekends","Advanced","positive"
"User_285","7","0.76","0.69","Today was productive; I understood the material clearly.","Data Science","Teaching|Public Speaking|Machine Learning|Writing","Flexible|Morning","Beginner","positive"
"User_286","4","0.13","0.25","I feel anxious and unable to keep up with assignments.","Mathematics","Communication|Machine Learning|Critical Thinking","Afternoon|Morning","Expert","negative"
"User_287","4","0.18","0.26","I feel overwhelmed and cannot focus on anything.","Computer Science","Public Speaking|Statistics","Weekdays|Night|Afternoon","Beginner","negative"
"User_288","7","0.97","1.0","I completed my tasks and feel accomplished today.","Physics","Research|Problem Solving|Python|Statistics","Flexible","Beginner","positive"
"User_289","6","0.53","0.48","I completed the work but did not feel particularly engaged.","Psychology","Python|Project Management","Weekdays","Intermediate","neutral"
"User_290","3","0.4","0.49","I am struggling with the coursework and feel lost.","Business","Writing|Statistics|Critical Thinking|Mathematics","Evening|Night","Expert","negative"
"User_291","5","0.43","0.33","It was an average day. Nothing special happened.","Engineering","Critical Thinking|Teaching","Flexible|Weekends","Expert","neutral"
"User_292","6","0.58","0.64","I am okay but could use some guidance on next steps.","Physics","Statistics|Critical Thinking|Problem Solving|Python|Public Speaking","Weekdays|Evening","Beginner","neutral"
"User_293","2","0.44","0.33","I feel isolated and disconnected from my peers.","Data Science","Critical Thinking|Mentoring","Afternoon|Night|Evening","Expert","negative"
"User_294","1","0.05","0.0","I have been withdrawing from group activities lately.","Data Science","Project Management|Problem Solving|Writing|Statistics|Public Speaking","Afternoon|Evening","Advanced","negative"
"User_295","10","0.79","0.93","I completed my tasks and feel accomplished today.","Psychology","Problem Solving|Mathematics|Teaching|Public Speaking|Statistics","Night|Evening","Beginner","positive"
"User_296","1","0.09","0.14","I cannot understand the material no matter how hard I try.","Computer Science","Project Management|Statistics","Weekends|Weekdays|Evening","Intermediate","negative"
"User_297","6","0.51","0.57","It was an average day. Nothing special happened.","Biology","Communication|Data Analysis|Mathematics|Teaching|Machine Learning","Weekdays|Flexible","Advanced","neutral"
"User_298","8","0.65","0.53","Things are going well. I feel supported and engaged.","Mathematics","Machine Learning|Statistics|Python|Writing","Afternoon|Weekdays","Expert","positive"
"User_299","5","0.44","0.3","I am unsure about some concepts and need clarity.","Biology","Project Management|Mathematics|Leadership|Machine Learning|Communication","Flexible","Expert","neutral"
"User_300","4","0.63","0.76","Today was fine but I could be more productive.","Physics","Problem Solving|Python|Data Analysis","Morning|Weekends|Night","Expert","neutral"
"User_301","2","0.33","0.31","I have been withdrawing from group activities lately.","Engineering","Critical Thinking|Mentoring","Weekends|Evening|Flexible","Expert","negative"
"User_302","5","0.48","0.54","I managed my tasks but my focus was slightly off.","Mathematics","Mathematics|Writing|Project Management|Critical Thinking|Teaching","Weekdays|Weekends|Evening","Advanced","neutral"
"User_303","2","0.13","0.19","I feel hopeless about my academic performance.","Mathematics","Public Speaking|Mentoring|Writing|Machine Learning","Afternoon|Weekends|Weekdays","Advanced","negative"
"User_304","4","0.28","0.15","I cannot understand the material no matter how hard I try.","Data Science","Public Speaking|Project Management|Critical Thinking|Python","Morning|Flexible|Night","Intermediate","negative"
"User_305","9","0.91","0.87","I am motivated and looking forward to collaborating with others.","Mathematics","Writing|Project Management|Python|Machine Learning","Afternoon|Weekends","Beginner","positive"
"User_306","5","0.62","0.76","I am unsure about some concepts and need clarity.","Biology","Machine Learning|Mentoring|Python|Critical Thinking","Night|Weekdays","Advanced","neutral"
"User_307","9","0.72","0.7","My energy is high and I feel positive about my goals.","Biology","Mathematics|Teaching|Data Analysis|Machine Learning","Afternoon|Weekdays|Flexible","Advanced","positive"
"User_308","1","0.12","0.01","I have been withdrawing from group activities lately.","Data Science","Critical Thinking|Python","Evening|Weekends","Advanced","negative"
"User_309","6","0.4","0.4","Today was fine but I could be more productive.","Engineering","Writing|Communication","Morning|Weekdays|Weekends","Advanced","neutral"
"User_310","6","0.42","0.3","I managed my tasks but my focus was slightly off.","Data Science","Writing|Data Analysis|Statistics","Afternoon|Night|Weekends","Expert","neutral"
"User_311","8","0.88","0.76","Things are going well. I feel supported and engaged.","Business","Leadership|Mathematics|Teaching|Data Analysis","Weekends|Weekdays","Beginner","positive"
"User_312","8","0.97","0.83","I completed my tasks and feel accomplished today.","Computer Science","Critical Thinking|Mathematics|Statistics|Public Speaking","Weekends|Weekdays","Advanced","positive"
"User_313","6","0.55","0.68","Today was fine but I could be more productive.","Physics","Research|Mentoring","Evening","Beginner","neutral"
"User_314","7","0.87","0.86","I completed my tasks and feel accomplished today.","Biology","Project Management|Statistics|Leadership|Data Analysis|Critical Thinking","Flexible|Morning|Afternoon","Beginner","positive"
"User_315","7","0.68","0.65","I am motivated and looking forward to collaborating with others.","Mathematics","Teaching|Project Management","Evening","Expert","positive"
"User_316","7","0.49","0.55","I am unsure about some concepts and need clarity.","Psychology","Mentoring|Machine Learning","Morning|Weekdays|Weekends","Beginner","neutral"
"User_317","7","0.75","0.74","I am enthusiastic about my progress this week.","Literature","Research|Mathematics","Night|Flexible","Beginner","positive"
"User_318","5","0.62","0.51","I felt neither excited nor stressed today.","Engineering","Mentoring|Mathematics|Machine Learning|Public Speaking","Morning|Weekends","Intermediate","neutral"
"User_319","10","0.84","0.74","Today was productive; I understood the material clearly.","Mathematics","Machine Learning|Public Speaking|Project Management","Afternoon|Night","Intermediate","positive"
"User_320","9","0.72","0.66","I am motivated and looking forward to collaborating with others.","Literature","Project Management|Mathematics","Night|Weekdays|Weekends","Beginner","positive"
"User_321","7","0.72","0.84","My energy is high and I feel positive about my goals.","Business","Writing|Mentoring|Project Management|Leadership","Evening","Beginner","positive"
"User_322","10","0.76","0.7","I am enthusiastic about my progress this week.","Literature","Teaching|Public Speaking|Communication","Night|Afternoon","Beginner","positive"
"User_323","4","0.16","0.18","I feel isolated and disconnected from my peers.","Engineering","Public Speaking|Problem Solving|Project Management|Mathematics","Flexible|Evening","Expert","negative"
"User_324","7","0.94","1.0","I am motivated and looking forward to collaborating with others.","Data Science","Research|Machine Learning|Mentoring","Weekdays","Beginner","positive"
"User_325","1","0.38","0.43","I feel hopeless about my academic performance.","Education","Public Speaking|Python|Data Analysis","Weekends|Flexible","Expert","negative"
"User_326","10","0.73","0.81","I am enthusiastic about my progress this week.","Engineering","Data Analysis|Public Speaking|Statistics|Critical Thinking|Communication","Morning|Weekdays|Afternoon","Intermediate","positive"
"User_327","8","0.71","0.67","I am motivated and looking forward to collaborating with others.","Physics","Python|Leadership|Mathematics|Problem Solving","Morning","Advanced","positive"
"User_328","8","0.83","0.93","Things are going well. I feel supported and engaged.","Education","Public Speaking|Problem Solving|Python|Mathematics|Mentoring","Morning|Weekdays","Advanced","positive"
"User_329","8","0.78","0.74","I enjoyed the session and learned a lot of new concepts.","Business","Data Analysis|Research","Afternoon|Weekends","Expert","positive"
"User_330","4","0.37","0.28","I feel hopeless about my academic performance.","Computer Science","Problem Solving|Writing|Leadership","Weekends","Advanced","negative"
"User_331","9","0.86","0.9","Today was productive; I understood the material clearly.","Biology","Mathematics|Communication|Machine Learning|Statistics|Problem Solving","Night|Flexible|Afternoon","Intermediate","positive"
"User_332","5","0.41","0.34","I am okay but could use some guidance on next steps.","Engineering","Public Speaking|Teaching","Morning","Intermediate","neutral"
"User_333","10","0.86","0.96","I feel confident and ready to tackle the challenges ahead.","Mathematics","Leadership|Problem Solving","Night|Flexible|Afternoon","Intermediate","positive"
"User_334","5","0.59","0.56","I felt neither excited nor stressed today.","Engineering","Public Speaking|Problem Solving|Teaching|Mathematics","Afternoon","Expert","neutral"
"User_335","8","0.83","0.71","I enjoyed the session and learned a lot of new concepts.","Engineering","Writing|Problem Solving","Weekends|Morning|Flexible","Beginner","positive"
"User_336","1","0.41","0.37","I cannot understand the material no matter how hard I try.","Data Science","Communication|Project Management|Python|Machine Learning|Data Analysis","Afternoon|Night","Expert","negative"
"User_337","1","0.22","0.15","I am exhausted and demotivated. Nothing seems to work.","Physics","Public Speaking|Project Management|Statistics","Weekends|Flexible","Expert","negative"
"User_338","7","0.85","0.82","Today was productive; I understood the material clearly.","Data Science","Critical Thinking|Mentoring","Weekdays","Advanced","positive"
"User_339","10","0.88","0.9","I am enthusiastic about my progress this week.","Mathematics","Teaching|Communication|Public Speaking|Research|Mentoring","Flexible|Afternoon","Expert","positive"
"User_340","5","0.51","0.58","Today was fine but I could be more productive.","Mathematics","Teaching|Communication|Mathematics|Machine Learning","Weekdays|Afternoon","Beginner","neutral"
"User_341","5","0.43","0.56","I am unsure about some concepts and need clarity.","Business","Writing|Critical Thinking","Morning|Flexible|Afternoon","Expert","neutral"
"User_342","4","0.48","0.54","I managed my tasks but my focus was slightly off.","Psychology","Machine Learning|Critical Thinking","Weekends|Weekdays","Advanced","neutral"
"User_343","5","0.59","0.62","Today was fine but I could be more productive.","Computer Science","Project Management|Mentoring|Mathematics","Evening|Afternoon|Morning","Intermediate","neutral"
"User_344","3","0.15","0.12","I feel overwhelmed and cannot focus on anything.","Engineering","Research|Mathematics","Evening|Weekdays","Expert","negative"
"User_345","7","0.91","0.94","Today was productive; I understood the material clearly.","Psychology","Machine Learning|Project Management|Data Analysis|Teaching","Evening|Flexible","Intermediate","positive"
"User_346","10","0.85","0.96","I am enthusiastic about my progress this week.","Engineering","Data Analysis|Statistics|Public Speaking|Project Management|Mathematics","Evening|Morning","Advanced","positive"
"User_347","3","0.33","0.21","I cannot understand the material no matter how hard I try.","Literature","Mathematics|Leadership|Public Speaking|Communication|Problem Solving","Night|Weekends|Morning","Expert","negative"
"User_348","8","0.89","0.86","I completed my tasks and feel accomplished today.","Business","Communication|Data Analysis|Project Management|Python|Research","Evening","Beginner","positive"
"User_349","3","0.08","0.08","I have been withdrawing from group activities lately.","Physics","Communication|Leadership|Teaching|Research","Weekdays","Intermediate","negative"
"User_350","8","0.96","1.0","I completed my tasks and feel accomplished today.","Biology","Project Management|Leadership|Teaching","Afternoon|Morning","Beginner","positive"
"User_351","4","0.3","0.27","I have been absent from sessions due to low energy.","Computer Science","Communication|Teaching|Public Speaking|Problem Solving|Project Management","Night|Afternoon","Advanced","negative"
"User_352","2","0.07","0.06","I cannot understand the material no matter how hard I try.","Physics","Data Analysis|Communication","Flexible|Weekdays","Intermediate","negative"
"User_353","10","0.76","0.67","I feel confident and ready to tackle the challenges ahead.","Computer Science","Critical Thinking|Teaching|Statistics","Evening|Weekends","Advanced","positive"
"User_354","9","0.81","0.92","Things are going well. I feel supported and engaged.","Business","Problem Solving|Critical Thinking|Leadership","Weekdays|Evening","Advanced","positive"
"User_355","8","0.85","0.84","I completed my tasks and feel accomplished today.","Psychology","Mathematics|Leadership|Data Analysis|Critical Thinking","Afternoon|Flexible","Intermediate","positive"
"User_356","10","0.82","0.69","Things are going well. I feel supported and engaged.","Physics","Research|Data Analysis|Teaching|Python","Morning|Weekdays","Intermediate","positive"
"User_357","4","0.39","0.36","I am struggling with the coursework and feel lost.","Physics","Research|Communication|Project Management|Data Analysis","Flexible|Evening|Weekdays","Beginner","negative"
"User_358","5","0.57","0.56","I am okay but could use some guidance on next steps.","Mathematics","Communication|Mentoring|Data Analysis|Problem Solving","Night|Morning|Flexible","Advanced","neutral"
"User_359","2","0.31","0.36","I feel isolated and disconnected from my peers.","Education","Project Management|Statistics|Public Speaking|Writing|Communication","Evening","Advanced","negative"
"User_360","4","0.16","0.07","I am frustrated and feel like giving up on my goals.","Business","Critical Thinking|Writing|Project Management|Python|Mathematics","Afternoon|Weekdays|Evening","Beginner","negative"
"User_361","4","0.42","0.35","Today was fine but I could be more productive.","Data Science","Python|Mathematics","Weekends|Morning","Beginner","neutral"
"User_362","10","0.76","0.87","I completed my tasks and feel accomplished today.","Mathematics","Mentoring|Writing|Project Management|Data Analysis|Mathematics","Morning","Advanced","positive"
"User_363","10","0.81","0.82","I am enthusiastic about my progress this week.","Data Science","Writing|Machine Learning|Data Analysis|Public Speaking|Teaching","Night|Weekdays|Weekends","Expert","positive"
"User_364","6","0.67","0.57","Today was fine but I could be more productive.","Data Science","Mathematics|Statistics|Problem Solving","Evening|Night","Advanced","neutral"
"User_365","8","0.77","0.86","My energy is high and I feel positive about my goals.","Data Science","Machine Learning|Problem Solving","Evening|Morning","Expert","positive"
"User_366","4","0.56","0.49","My performance was moderate. I need to push a bit more.","Education","Critical Thinking|Leadership|Writing|Machine Learning|Mentoring","Flexible|Night","Intermediate","neutral"
"User_367","5","0.55","0.59","I felt neither excited nor stressed today.","Mathematics","Critical Thinking|Leadership|Statistics|Writing","Evening","Beginner","neutral"
"User_368","6","0.61","0.54","Today was fine but I could be more productive.","Biology","Python|Writing|Public Speaking|Data Analysis","Afternoon","Beginner","neutral"
"User_369","10","0.9","1.0","I completed my tasks and feel accomplished today.","Psychology","Python|Problem Solving|Leadership","Night|Evening","Expert","positive"
"User_370","4","0.5","0.6","I am okay but could use some guidance on next steps.","Computer Science","Mathematics|Critical Thinking|Statistics|Data Analysis","Afternoon|Flexible","Advanced","neutral"
"User_371","1","0.44","0.43","I feel anxious and unable to keep up with assignments.","Education","Leadership|Machine Learning|Python|Public Speaking|Problem Solving","Flexible|Morning|Weekends","Intermediate","negative"
"User_372","3","0.42","0.53","I have been withdrawing from group activities lately.","Computer Science","Research|Problem Solving","Evening|Afternoon|Flexible","Beginner","negative"
"User_373","7","0.73","0.82","I enjoyed the session and learned a lot of new concepts.","Business","Writing|Mathematics","Weekends|Morning","Expert","positive"
"User_374","7","0.85","0.73","My energy is high and I feel positive about my goals.","Literature","Communication|Mathematics|Statistics","Afternoon","Expert","positive"
"User_375","4","0.42","0.51","I am okay but could use some guidance on next steps.","Data Science","Writing|Problem Solving","Evening","Advanced","neutral"
"User_376","5","0.41","0.32","I am unsure about some concepts and need clarity.","Business","Research|Python|Problem Solving","Night|Weekends|Evening","Expert","neutral"
"User_377","9","0.76","0.75","My energy is high and I feel positive about my goals.","Mathematics","Statistics|Data Analysis|Writing","Evening|Flexible","Advanced","positive"
"User_378","4","0.34","0.25","I feel overwhelmed and cannot focus on anything.","Literature","Mathematics|Teaching|Leadership|Communication","Morning|Weekdays|Weekends","Expert","negative"
"User_379","2","0.3","0.2","I feel isolated and disconnected from my peers.","Education","Statistics|Public Speaking|Data Analysis|Mentoring","Morning","Intermediate","negative"
"User_380","7","0.82","0.85","Today was productive; I understood the material clearly.","Computer Science","Mentoring|Problem Solving|Data Analysis|Teaching|Machine Learning","Morning|Evening","Intermediate","positive"
"User_381","8","0.88","0.89","Today was productive; I understood the material clearly.","Physics","Communication|Data Analysis","Night|Evening|Morning","Advanced","positive"
"User_382","3","0.08","0.0","I feel anxious and unable to keep up with assignments.","Data Science","Statistics|Machine Learning","Weekends","Expert","negative"
"User_383","5","0.57","0.68","I am okay but could use some guidance on next steps.","Data Science","Machine Learning|Statistics|Mathematics|Mentoring|Teaching","Weekdays|Night","Expert","neutral"
"User_384","8","0.84","0.94","Things are going well. I feel supported and engaged.","Engineering","Public Speaking|Communication|Project Management|Data Analysis|Mathematics","Night|Weekdays","Expert","positive"
"User_385","8","0.85","0.99","I completed my tasks and feel accomplished today.","Education","Communication|Problem Solving|Project Management|Critical Thinking","Weekdays","Beginner","positive"
"User_386","5","0.7","0.58","I felt neither excited nor stressed today.","Computer Science","Leadership|Public Speaking|Communication|Python","Flexible|Evening|Weekends","Intermediate","neutral"
"User_387","5","0.44","0.46","I managed my tasks but my focus was slightly off.","Literature","Leadership|Research|Mathematics","Morning|Weekends","Expert","neutral"
"User_388","7","0.9","0.77","My energy is high and I feel positive about my goals.","Engineering","Project Management|Machine Learning|Public Speaking|Teaching|Statistics","Weekdays|Evening|Morning","Expert","positive"
"User_389","9","0.77","0.81","I enjoyed the session and learned a lot of new concepts.","Education","Project Management|Mathematics","Weekdays","Beginner","positive"
"User_390","4","0.49","0.54","It was an average day. Nothing special happened.","Business","Communication|Data Analysis|Machine Learning","Afternoon","Beginner","neutral"
"User_391","4","0.35","0.24","I feel hopeless about my academic performance.","Data Science","Leadership|Critical Thinking","Flexible|Night","Intermediate","negative"
"User_392","7","0.84","0.84","I am enthusiastic about my progress this week.","Psychology","Data Analysis|Critical Thinking|Mathematics|Machine Learning|Writing","Night","Intermediate","positive"
"User_393","2","0.27","0.15","I have been absent from sessions due to low energy.","Biology","Statistics|Research|Mathematics","Evening|Weekdays","Beginner","negative"
"User_394","6","0.5","0.54","I managed my tasks but my focus was slightly off.","Business","Mathematics|Research","Evening","Expert","neutral"
"User_395","5","0.46","0.57","I managed my tasks but my focus was slightly off.","Engineering","Statistics|Machine Learning","Afternoon","Intermediate","neutral"
"User_396","1","0.19","0.2","I am struggling with the coursework and feel lost.","Mathematics","Problem Solving|Python|Communication|Leadership|Data Analysis","Afternoon","Advanced","negative"
"User_397","5","0.61","0.7","It was an average day. Nothing special happened.","Education","Research|Writing","Evening","Intermediate","neutral"
"User_398","4","0.54","0.65","It was an average day. Nothing special happened.","Psychology","Mentoring|Research|Public Speaking|Mathematics|Communication","Morning","Advanced","neutral"
"User_399","5","0.69","0.71","I completed the work but did not feel particularly engaged.","Business","Project Management|Teaching|Data Analysis|Statistics|Writing","Weekends","Expert","neutral"
"User_400","1","0.15","0.11","I have been absent from sessions due to low energy.","Mathematics","Problem Solving|Critical Thinking|Machine Learning|Writing","Evening","Advanced","negative"
"User_401","9","0.93","1.0","I am enthusiastic about my progress this week.","Education","Data Analysis|Research","Afternoon","Advanced","positive"
"User_402","1","0.34","0.46","I have been absent from sessions due to low energy.","Literature","Critical Thinking|Leadership|Teaching","Night","Advanced","negative"
"User_403","8","0.72","0.87","I am motivated and looking forward to collaborating with others.","Literature","Project Management|Writing|Research","Weekdays|Weekends|Afternoon","Expert","positive"
"User_404","2","0.31","0.41","I feel hopeless about my academic performance.","Engineering","Statistics|Data Analysis|Project Management|Machine Learning","Afternoon","Advanced","negative"
"User_405","7","0.92","0.81","I enjoyed the session and learned a lot of new concepts.","Education","Problem Solving|Machine Learning|Mentoring|Project Management","Afternoon|Flexible","Beginner","positive"
"User_406","9","0.86","0.75","I completed my tasks and feel accomplished today.","Literature","Leadership|Mentoring|Python","Morning|Weekdays","Expert","positive"
"User_407","4","0.33","0.41","I feel isolated and disconnected from my peers.","Engineering","Problem Solving|Public Speaking|Writing|Mathematics|Leadership","Morning","Expert","negative"
"User_408","9","0.98","1.0","I completed my tasks and feel accomplished today.","Biology","Statistics|Writing|Problem Solving","Night|Weekdays|Evening","Expert","positive"
"User_409","4","0.58","0.57","I am unsure about some concepts and need clarity.","Business","Teaching|Machine Learning|Public Speaking|Mathematics|Data Analysis","Weekdays|Flexible|Morning","Beginner","neutral"
"User_410","1","0.4","0.37","I feel anxious and unable to keep up with assignments.","Data Science","Machine Learning|Python|Data Analysis|Critical Thinking|Mathematics","Morning|Afternoon|Evening","Expert","negative"
"User_411","9","0.81","0.69","I enjoyed the session and learned a lot of new concepts.","Mathematics","Machine Learning|Data Analysis","Night","Expert","positive"
"User_412","5","0.63","0.56","I am okay but could use some guidance on next steps.","Education","Communication|Problem Solving|Python|Writing|Project Management","Weekdays|Afternoon|Night","Beginner","neutral"
"User_413","2","0.34","0.41","I am struggling with the coursework and feel lost.","Psychology","Machine Learning|Problem Solving","Evening|Morning|Weekends","Expert","negative"
"User_414","2","0.2","0.1","I cannot understand the material no matter how hard I try.","Computer Science","Public Speaking|Communication|Teaching","Flexible|Afternoon|Weekdays","Intermediate","negative"
"User_415","4","0.17","0.02","I am frustrated and feel like giving up on my goals.","Mathematics","Statistics|Writing|Leadership","Weekends","Advanced","negative"
"User_416","7","0.56","0.59","It was an average day. Nothing special happened.","Literature","Leadership|Public Speaking|Teaching|Mentoring|Problem Solving","Night|Flexible","Beginner","neutral"
"User_417","9","0.87","0.92","I completed my tasks and feel accomplished today.","Computer Science","Writing|Python|Mentoring","Morning|Afternoon","Beginner","positive"
"User_418","3","0.18","0.21","I am struggling with the coursework and feel lost.","Computer Science","Critical Thinking|Writing","Weekdays","Advanced","negative"
"User_419","2","0.44","0.54","I feel hopeless about my academic performance.","Business","Statistics|Mathematics","Evening|Flexible","Expert","negative"
"User_420","1","0.17","0.2","I have been withdrawing from group activities lately.","Psychology","Communication|Data Analysis|Critical Thinking|Project Management","Weekdays","Intermediate","negative"
"User_421","7","0.82","0.83","I am enthusiastic about my progress this week.","Education","Research|Data Analysis|Teaching|Mathematics","Afternoon|Weekends","Expert","positive"
"User_422","7","0.64","0.73","My performance was moderate. I need to push a bit more.","Mathematics","Python|Statistics|Public Speaking","Weekdays|Morning","Intermediate","neutral"
"User_423","4","0.07","0.01","I feel isolated and disconnected from my peers.","Data Science","Python|Mentoring|Leadership","Evening|Flexible|Morning","Advanced","negative"
"User_424","4","0.43","0.56","I managed my tasks but my focus was slightly off.","Business","Machine Learning|Teaching|Project Management|Python|Writing","Evening","Advanced","neutral"
"User_425","7","0.64","0.74","I am okay but could use some guidance on next steps.","Physics","Mentoring|Problem Solving|Data Analysis","Night|Flexible","Beginner","neutral"
"User_426","9","0.84","0.79","I feel confident and ready to tackle the challenges ahead.","Biology","Mathematics|Public Speaking|Communication|Statistics","Evening","Beginner","positive"
"User_427","5","0.57","0.5","I am unsure about some concepts and need clarity.","Engineering","Project Management|Mathematics","Weekdays|Evening","Beginner","neutral"
"User_428","8","0.78","0.78","I am enthusiastic about my progress this week.","Biology","Writing|Statistics|Communication|Python","Morning","Expert","positive"
"User_429","2","0.13","0.12","I am frustrated and feel like giving up on my goals.","Data Science","Mathematics|Communication|Writing|Statistics","Weekdays|Afternoon|Flexible","Beginner","negative"
"User_430","1","0.05","0.0","I feel overwhelmed and cannot focus on anything.","Literature","Communication|Problem Solving","Morning","Advanced","negative"
"User_431","2","0.18","0.11","I feel anxious and unable to keep up with assignments.","Mathematics","Data Analysis|Communication|Mathematics|Problem Solving","Morning|Evening|Afternoon","Intermediate","negative"
"User_432","7","0.72","0.75","Things are going well. I feel supported and engaged.","Data Science","Research|Writing|Machine Learning|Public Speaking","Afternoon|Flexible|Morning","Advanced","positive"
"User_433","10","0.67","0.64","I feel confident and ready to tackle the challenges ahead.","Physics","Statistics|Critical Thinking","Morning","Expert","positive"
"User_434","4","0.3","0.18","I am exhausted and demotivated. Nothing seems to work.","Business","Machine Learning|Mathematics|Mentoring","Morning|Night|Weekends","Intermediate","negative"
"User_435","4","0.09","0.18","I am exhausted and demotivated. Nothing seems to work.","Physics","Leadership|Public Speaking|Writing|Teaching|Research","Night|Afternoon","Advanced","negative"
"User_436","4","0.25","0.33","I am struggling with the coursework and feel lost.","Physics","Communication|Problem Solving","Flexible|Afternoon","Advanced","negative"
"User_437","5","0.55","0.47","I am unsure about some concepts and need clarity.","Psychology","Data Analysis|Mentoring|Statistics|Research","Night|Flexible|Weekends","Expert","neutral"
"User_438","8","0.99","1.0","I enjoyed the session and learned a lot of new concepts.","Psychology","Leadership|Project Management|Machine Learning|Teaching","Flexible|Night","Advanced","positive"
"User_439","7","0.91","0.97","My energy is high and I feel positive about my goals.","Psychology","Communication|Data Analysis|Statistics|Problem Solving|Writing","Night|Morning","Beginner","positive"
"User_440","7","0.5","0.49","It was an average day. Nothing special happened.","Psychology","Project Management|Writing|Teaching","Flexible|Morning|Afternoon","Intermediate","neutral"
"User_441","10","0.72","0.75","Things are going well. I feel supported and engaged.","Mathematics","Public Speaking|Critical Thinking|Machine Learning|Communication","Weekends","Beginner","positive"
"User_442","5","0.66","0.77","It was an average day. Nothing special happened.","Business","Python|Machine Learning","Flexible|Evening|Morning","Advanced","neutral"
"User_443","10","0.87","0.97","I enjoyed the session and learned a lot of new concepts.","Education","Critical Thinking|Data Analysis|Leadership|Mentoring|Writing","Afternoon|Flexible","Expert","positive"
"User_444","7","0.45","0.5","I am okay but could use some guidance on next steps.","Engineering","Statistics|Mentoring","Afternoon","Expert","neutral"
"User_445","2","0.08","0.0","I cannot understand the material no matter how hard I try.","Physics","Teaching|Writing|Problem Solving|Data Analysis|Critical Thinking","Flexible|Night|Weekdays","Advanced","negative"
"User_446","4","0.57","0.63","My performance was moderate. I need to push a bit more.","Data Science","Critical Thinking|Data Analysis|Teaching|Communication","Morning","Expert","neutral"
"User_447","10","0.99","1.0","Today was productive; I understood the material clearly.","Engineering","Problem Solving|Data Analysis|Statistics|Project Management","Morning|Afternoon|Night","Beginner","positive"
"User_448","6","0.58","0.54","I managed my tasks but my focus was slightly off.","Data Science","Problem Solving|Public Speaking","Night|Weekends|Evening","Expert","neutral"
"User_449","3","0.17","0.19","I feel overwhelmed and cannot focus on anything.","Literature","Machine Learning|Mathematics|Teaching|Research","Weekdays","Expert","negative"
"User_450","6","0.64","0.57","It was an average day. Nothing special happened.","Mathematics","Statistics|Writing|Data Analysis|Public Speaking|Research","Afternoon|Weekends","Advanced","neutral"
"User_451","7","0.86","0.95","I am motivated and looking forward to collaborating with others.","Physics","Mathematics|Writing|Research|Machine Learning","Night","Intermediate","positive"
"User_452","3","0.44","0.49","I have been withdrawing from group activities lately.","Literature","Project Management|Problem Solving|Mathematics","Flexible|Night","Intermediate","negative"
"User_453","2","0.13","0.12","I feel isolated and disconnected from my peers.","Computer Science","Mathematics|Project Management|Statistics|Python","Night","Expert","negative"
"User_454","5","0.51","0.56","I am unsure about some concepts and need clarity.","Physics","Writing|Data Analysis|Critical Thinking|Python","Flexible|Night","Expert","neutral"
"User_455","1","0.09","0.14","I have been absent from sessions due to low energy.","Business","Teaching|Mentoring|Research|Communication|Mathematics","Flexible|Morning","Advanced","negative"
"User_456","5","0.62","0.47","My performance was moderate. I need to push a bit more.","Data Science","Mentoring|Machine Learning|Writing|Communication","Morning|Weekdays|Flexible","Beginner","neutral"
"User_457","7","0.89","1.0","Things are going well. I feel supported and engaged.","Biology","Research|Leadership|Python|Mathematics","Morning|Flexible|Weekends","Intermediate","positive"
"User_458","4","0.43","0.42","I am okay but could use some guidance on next steps.","Education","Public Speaking|Statistics|Machine Learning","Evening","Advanced","neutral"
"User_459","4","0.42","0.39","I am exhausted and demotivated. Nothing seems to work.","Education","Research|Writing|Mathematics|Statistics","Flexible|Morning","Expert","negative"
"User_460","3","0.43","0.31","I am exhausted and demotivated. Nothing seems to work.","Engineering","Statistics|Problem Solving|Leadership|Teaching|Critical Thinking","Weekdays","Expert","negative"
"User_461","7","0.47","0.59","I completed the work but did not feel particularly engaged.","Physics","Statistics|Python|Public Speaking|Mathematics","Weekdays|Evening|Night","Beginner","neutral"
"User_462","7","0.98","0.96","I enjoyed the session and learned a lot of new concepts.","Mathematics","Machine Learning|Communication|Critical Thinking","Morning|Weekends|Night","Expert","positive"
"User_463","1","0.27","0.23","I feel overwhelmed and cannot focus on anything.","Education","Statistics|Teaching|Data Analysis|Communication|Machine Learning","Evening|Night|Morning","Beginner","negative"
"User_464","3","0.08","0.14","I am frustrated and feel like giving up on my goals.","Mathematics","Writing|Data Analysis|Python","Weekdays|Afternoon","Advanced","negative"
"User_465","3","0.24","0.11","I am frustrated and feel like giving up on my goals.","Biology","Python|Leadership|Public Speaking","Weekends|Afternoon|Night","Expert","negative"
"User_466","6","0.55","0.52","Today was fine but I could be more productive.","Computer Science","Communication|Python","Flexible|Weekdays","Beginner","neutral"
"User_467","10","0.98","1.0","I am motivated and looking forward to collaborating with others.","Literature","Public Speaking|Statistics|Python","Afternoon|Night|Morning","Expert","positive"
"User_468","5","0.61","0.71","I am okay but could use some guidance on next steps.","Computer Science","Mentoring|Python|Research","Night","Intermediate","neutral"
"User_469","7","0.69","0.83","I completed my tasks and feel accomplished today.","Psychology","Critical Thinking|Communication|Mathematics","Weekdays|Night|Evening","Beginner","positive"
"User_470","5","0.5","0.56","My performance was moderate. I need to push a bit more.","Computer Science","Communication|Statistics|Project Management","Afternoon|Night","Intermediate","neutral"
"User_471","7","0.47","0.58","It was an average day. Nothing special happened.","Engineering","Mathematics|Project Management","Weekends|Night|Afternoon","Beginner","neutral"
"User_472","7","0.71","0.72","Today was productive; I understood the material clearly.","Literature","Critical Thinking|Machine Learning|Mathematics|Problem Solving","Afternoon|Flexible|Weekdays","Advanced","positive"
"User_473","5","0.58","0.53","It was an average day. Nothing special happened.","Literature","Machine Learning|Problem Solving|Teaching","Weekdays","Advanced","neutral"
"User_474","8","0.72","0.65","Today was productive; I understood the material clearly.","Literature","Project Management|Mathematics|Data Analysis|Public Speaking","Night","Intermediate","positive"
"User_475","8","0.89","0.83","My energy is high and I feel positive about my goals.","Physics","Writing|Mentoring|Python","Weekdays","Advanced","positive"
"User_476","6","0.59","0.59","Today was fine but I could be more productive.","Computer Science","Machine Learning|Python","Afternoon|Flexible|Morning","Expert","neutral"
"User_477","8","0.9","0.85","Things are going well. I feel supported and engaged.","Education","Machine Learning|Mentoring|Communication","Flexible","Beginner","positive"
"User_478","10","0.95","0.86","I enjoyed the session and learned a lot of new concepts.","Biology","Problem Solving|Teaching","Morning|Night","Intermediate","positive"
"User_479","5","0.52","0.38","I am okay but could use some guidance on next steps.","Physics","Mentoring|Communication|Research","Evening","Intermediate","neutral"
"User_480","6","0.44","0.46","Today was fine but I could be more productive.","Physics","Writing|Mathematics|Communication|Leadership|Research","Afternoon|Weekdays|Weekends","Intermediate","neutral"
"User_481","5","0.43","0.41","Today was fine but I could be more productive.","Biology","Project Management|Problem Solving|Research|Python|Critical Thinking","Flexible|Afternoon|Weekdays","Advanced","neutral"
"User_482","8","0.97","0.98","I feel confident and ready to tackle the challenges ahead.","Education","Python|Problem Solving","Flexible|Weekends|Morning","Expert","positive"
"User_483","4","0.54","0.48","My performance was moderate. I need to push a bit more.","Psychology","Machine Learning|Public Speaking","Afternoon|Flexible","Advanced","neutral"
"User_484","4","0.4","0.31","I felt neither excited nor stressed today.","Engineering","Project Management|Teaching|Machine Learning|Public Speaking|Python","Night|Afternoon","Expert","neutral"
"User_485","4","0.33","0.42","I feel overwhelmed and cannot focus on anything.","Psychology","Public Speaking|Machine Learning|Communication|Data Analysis|Python","Night|Evening","Intermediate","negative"
"User_486","9","0.91","0.87","I feel confident and ready to tackle the challenges ahead.","Data Science","Public Speaking|Python|Statistics|Critical Thinking","Night|Weekends","Beginner","positive"
"User_487","7","0.85","0.93","I completed my tasks and feel accomplished today.","Engineering","Leadership|Data Analysis|Statistics|Mentoring","Weekdays|Weekends","Intermediate","positive"
"User_488","3","0.19","0.18","I am exhausted and demotivated. Nothing seems to work.","Data Science","Research|Python|Statistics|Communication|Machine Learning","Night|Weekends","Beginner","negative"
"User_489","6","0.54","0.48","I managed my tasks but my focus was slightly off.","Psychology","Public Speaking|Problem Solving|Statistics","Night","Intermediate","neutral"
"User_490","1","0.12","0.26","I am struggling with the coursework and feel lost.","Engineering","Writing|Project Management|Leadership|Data Analysis|Mentoring","Evening","Expert","negative"
"User_491","5","0.54","0.64","I am unsure about some concepts and need clarity.","Physics","Research|Leadership","Morning","Intermediate","neutral"
"User_492","6","0.52","0.64","I managed my tasks but my focus was slightly off.","Business","Teaching|Mentoring|Machine Learning|Data Analysis|Mathematics","Night|Evening","Intermediate","neutral"
"User_493","9","0.73","0.79","Things are going well. I feel supported and engaged.","Mathematics","Writing|Communication","Night|Afternoon","Intermediate","positive"
"User_494","8","0.94","0.85","I am motivated and looking forward to collaborating with others.","Engineering","Statistics|Python|Communication","Afternoon|Night|Evening","Advanced","positive"
"User_495","4","0.6","0.73","I managed my tasks but my focus was slightly off.","Engineering","Problem Solving|Data Analysis|Writing|Project Management","Morning|Flexible","Expert","neutral"
"User_496","4","0.42","0.51","I have been withdrawing from group activities lately.","Computer Science","Mentoring|Machine Learning|Research|Problem Solving","Flexible|Weekends","Intermediate","negative"
"User_497","4","0.19","0.23","I am struggling with the coursework and feel lost.","Physics","Writing|Mentoring","Morning|Evening|Flexible","Expert","negative"
"User_498","9","0.68","0.69","I feel confident and ready to tackle the challenges ahead.","Literature","Teaching|Data Analysis|Leadership","Afternoon|Morning","Beginner","positive"
"User_499","4","0.69","0.65","I am unsure about some concepts and need clarity.","Biology","Communication|Teaching|Project Management|Data Analysis|Python","Evening|Night|Afternoon","Expert","neutral"
"User_500","6","0.5","0.44","I felt neither excited nor stressed today.","Physics","Leadership|Machine Learning","Weekdays|Night","Expert","neutral"
"User_501","4","0.34","0.21","I cannot understand the material no matter how hard I try.","Engineering","Writing|Leadership","Night|Weekends","Advanced","negative"
"User_502","4","0.09","0.19","I cannot understand the material no matter how hard I try.","Mathematics","Writing|Data Analysis|Problem Solving|Machine Learning|Teaching","Afternoon","Intermediate","negative"
"User_503","10","0.66","0.56","I am enthusiastic about my progress this week.","Literature","Problem Solving|Data Analysis|Machine Learning|Public Speaking","Morning","Beginner","positive"
"User_504","10","0.69","0.77","I am enthusiastic about my progress this week.","Education","Problem Solving|Machine Learning|Mentoring","Morning","Beginner","positive"
"User_505","4","0.58","0.58","I managed my tasks but my focus was slightly off.","Literature","Teaching|Critical Thinking|Research|Mentoring|Machine Learning","Weekdays|Morning","Advanced","neutral"
"User_506","6","0.45","0.41","It was an average day. Nothing special happened.","Engineering","Problem Solving|Machine Learning|Writing|Communication","Morning","Advanced","neutral"
"User_507","6","0.41","0.42","I felt neither excited nor stressed today.","Data Science","Data Analysis|Leadership","Afternoon|Morning|Weekends","Intermediate","neutral"
"User_508","3","0.16","0.11","I feel isolated and disconnected from my peers.","Psychology","Project Management|Writing|Python|Public Speaking","Evening|Flexible|Night","Expert","negative"
"User_509","1","0.14","0.12","I have been absent from sessions due to low energy.","Biology","Mathematics|Data Analysis|Teaching","Flexible|Weekends|Weekdays","Beginner","negative"
"User_510","1","0.38","0.28","I feel overwhelmed and cannot focus on anything.","Physics","Research|Machine Learning|Communication|Writing","Weekends|Flexible","Advanced","negative"
"User_511","7","0.73","0.59","I am motivated and looking forward to collaborating with others.","Biology","Writing|Leadership|Public Speaking|Statistics","Weekdays|Morning","Beginner","positive"
"User_512","7","0.41","0.46","I completed the work but did not feel particularly engaged.","Computer Science","Problem Solving|Statistics","Morning|Flexible","Advanced","neutral"
"User_513","1","0.42","0.52","I feel anxious and unable to keep up with assignments.","Literature","Writing|Mentoring|Communication","Morning","Intermediate","negative"
"User_514","3","0.19","0.2","I have been absent from sessions due to low energy.","Literature","Data Analysis|Teaching|Statistics","Flexible","Beginner","negative"
"User_515","3","0.12","0.18","I have been absent from sessions due to low energy.","Computer Science","Public Speaking|Leadership","Flexible|Weekdays|Night","Advanced","negative"
"User_516","7","0.71","0.72","Things are going well. I feel supported and engaged.","Education","Leadership|Data Analysis|Public Speaking|Critical Thinking|Statistics","Morning|Night","Beginner","positive"
"User_517","6","0.61","0.67","It was an average day. Nothing special happened.","Psychology","Problem Solving|Statistics|Critical Thinking|Research","Weekends|Weekdays","Advanced","neutral"
"User_518","2","0.27","0.12","I am exhausted and demotivated. Nothing seems to work.","Education","Project Management|Statistics|Mathematics","Weekdays|Evening","Intermediate","negative"
"User_519","1","0.21","0.28","I have been absent from sessions due to low energy.","Psychology","Writing|Critical Thinking","Weekdays|Weekends","Beginner","negative"
"User_520","2","0.08","0.15","I feel anxious and unable to keep up with assignments.","Business","Teaching|Project Management|Critical Thinking","Afternoon","Expert","negative"
